departure_id,departure_radius,destination_id,destination_radius,search_date,search_date_range
5453,0,5463,0,NULL,0
30,0,179,0,NULL,0
268,50,248,50,"2012-05-10",0
97,0,310,0,NULL,0
30,0,232,0,NULL,0
134,0,301,10,NULL,0
179,0,252,0,NULL,0
169,10,270,10,NULL,0
30,0,212,0,NULL,0
263,50,37,0,NULL,0
179,0,140,0,NULL,0
228,0,30,0,NULL,0
194,0,138,0,NULL,0
317,0,NULL,0,NULL,0
228,0,67,0,NULL,0
5469,0,179,0,NULL,0
7707,50,30,50,NULL,0
310,0,5613,0,NULL,4
134,0,93,0,NULL,0
30,0,212,0,NULL,0
NULL,0,NULL,0,NULL,0
30,0,138,0,NULL,0
134,0,93,0,NULL,0
170,0,181,0,NULL,0
169,0,317,0,NULL,0
97,0,6036,0,NULL,0
169,0,NULL,0,NULL,0
128,0,228,0,NULL,0
6839,0,349,50,NULL,0
134,0,301,20,NULL,0
268,50,248,50,"2012-06-10",0
6839,0,179,30,"2012-05-31",0
97,0,310,0,NULL,0
5453,0,5463,0,NULL,0
279,0,73,0,"2012-06-14",0
228,0,58,30,NULL,0
178,0,100,0,NULL,0
97,0,179,0,NULL,0
84,0,228,0,NULL,0
134,0,310,0,NULL,0
2141,0,NULL,0,NULL,0
30,0,138,0,NULL,0
30,0,131,0,NULL,0
30,0,228,0,NULL,0
179,0,30,0,"2012-07-13",0
130,10,67,10,NULL,0
30,0,212,0,NULL,0
134,0,30,0,NULL,0
8316,0,6513,0,NULL,0
97,0,5989,0,NULL,0
179,0,228,0,"2012-06-10",0
30,0,212,0,NULL,0
179,20,97,0,NULL,0
2196,0,100,0,NULL,0
2141,0,NULL,0,NULL,0
179,50,7719,50,NULL,0
5469,0,179,0,NULL,0
6036,0,315,20,NULL,0
30,0,228,0,NULL,0
97,0,5989,0,NULL,0
2141,0,NULL,0,NULL,0
30,0,179,0,NULL,0
130,10,67,10,NULL,0
134,0,310,0,NULL,0
179,50,7719,50,NULL,0
134,0,43,0,NULL,0
178,0,84,50,NULL,1
310,0,5613,0,NULL,3
2141,0,NULL,0,NULL,NULL
104,0,169,0,NULL,0
6036,0,315,0,NULL,0
179,0,30,0,"2012-07-13",0
330,0,30,0,NULL,0
NULL,0,NULL,0,NULL,0
232,0,121,0,NULL,0
169,0,317,0,NULL,0
5890,50,310,50,"2012-06-10",0
134,0,310,0,NULL,0
243,20,107,10,NULL,0
134,0,30,0,NULL,0
30,0,203,0,NULL,0
134,0,93,0,NULL,0
166,0,313,0,NULL,0
228,50,209,50,NULL,0
178,0,100,0,NULL,0
30,0,131,0,NULL,0
179,50,7719,50,NULL,0
194,0,138,0,NULL,0
30,0,228,0,NULL,0
228,0,30,0,NULL,0
194,0,209,0,NULL,0
179,0,30,0,"2012-07-13",0
NULL,0,NULL,0,NULL,1
NULL,0,84,0,NULL,1
228,0,58,0,NULL,1
243,20,107,0,NULL,0
310,0,5613,0,NULL,0
134,0,30,0,NULL,0
232,0,30,0,NULL,0
5469,0,179,0,NULL,0
30,0,228,0,NULL,0
30,0,228,0,NULL,0
NULL,0,310,0,NULL,0
NULL,0,228,0,NULL,NULL
178,50,84,0,NULL,1
134,0,69,0,NULL,0
84,0,228,0,NULL,0
30,0,134,0,NULL,0
203,0,310,0,NULL,0
207,0,30,0,NULL,0
73,50,6088,50,NULL,4
317,0,NULL,0,NULL,0
169,10,183,20,NULL,0
194,0,101,50,NULL,0
134,0,93,0,NULL,0
178,0,186,0,NULL,0
228,0,NULL,0,NULL,0
30,0,209,0,NULL,0
228,50,25,50,NULL,0
163,0,194,0,NULL,0
282,0,97,0,NULL,0
228,50,25,50,NULL,0
134,0,301,20,NULL,0
228,0,NULL,0,NULL,0
178,0,186,0,NULL,0
134,0,279,0,NULL,0
30,0,179,0,NULL,0
5890,50,310,50,"2012-06-10",0
228,0,NULL,0,NULL,0
7750,20,97,20,NULL,0
228,50,25,50,NULL,0
179,0,140,0,NULL,0
228,0,NULL,0,NULL,0
203,0,310,0,NULL,0
179,0,228,0,"2012-06-10",0
279,0,183,0,"2012-06-14",0
178,0,186,0,NULL,0
138,0,175,0,NULL,0
243,20,107,0,NULL,0
228,50,25,50,NULL,0
134,0,179,0,NULL,0
43,50,310,0,NULL,0
169,0,317,0,NULL,0
NULL,0,NULL,0,NULL,0
228,0,NULL,0,NULL,0
NULL,0,310,0,NULL,0
380,50,97,50,NULL,0
113,30,229,0,NULL,0
43,10,73,10,NULL,0
179,0,2139,0,"2012-06-10",1
7750,50,97,20,NULL,0
113,20,229,0,NULL,0
228,0,NULL,0,NULL,0
169,0,NULL,0,NULL,0
30,0,228,0,NULL,0
315,50,134,0,NULL,1
134,0,183,0,"2012-06-14",0
30,0,212,0,NULL,0
120,0,134,0,NULL,0
279,0,232,0,NULL,0
6088,50,73,50,NULL,4
310,0,97,0,NULL,0
310,0,97,0,NULL,0
228,0,NULL,0,NULL,0
43,10,73,10,NULL,0
228,50,209,50,NULL,0
30,0,97,0,NULL,0
380,50,246,50,NULL,0
179,0,140,0,NULL,0
97,0,310,0,NULL,0
228,0,58,0,NULL,0
228,0,NULL,0,NULL,0
30,0,351,0,NULL,0
317,0,134,0,NULL,1
30,0,228,0,NULL,0
213,0,30,0,NULL,0
30,0,134,0,NULL,0
228,0,NULL,0,NULL,0
179,0,134,0,NULL,0
134,0,209,0,NULL,0
6839,0,349,50,NULL,0
138,0,97,0,NULL,0
228,0,NULL,0,NULL,0
175,0,203,0,NULL,0
179,0,30,0,"2012-07-13",0
310,0,97,0,NULL,0
43,50,310,0,NULL,0
243,20,107,10,NULL,0
113,0,229,0,NULL,0
134,0,69,0,NULL,0
2139,0,179,0,NULL,1
194,0,212,0,NULL,0
0,0,228,0,NULL,0
268,0,246,0,NULL,0
6088,50,73,50,NULL,4
134,0,93,0,NULL,0
228,0,179,0,NULL,0
NULL,0,NULL,0,NULL,0
228,0,NULL,0,NULL,0
315,0,134,0,NULL,1
330,0,30,0,NULL,0
380,50,131,50,NULL,0
6839,0,349,0,NULL,0
228,0,NULL,0,NULL,0
178,0,228,0,NULL,0
169,0,25,50,"2012-06-29",0
179,0,134,0,NULL,0
30,0,131,0,NULL,0
338,20,7750,50,NULL,0
212,0,194,0,"2012-06-17",0
228,0,53,0,NULL,0
NULL,50,7307,30,"2012-06-25",4
86,0,30,0,NULL,0
5469,0,179,0,NULL,0
97,0,183,20,NULL,0
86,0,30,0,NULL,0
134,0,279,0,NULL,0
178,0,228,0,NULL,0
30,0,203,0,NULL,0
30,0,293,0,NULL,0
228,50,25,50,NULL,0
228,0,NULL,0,NULL,NULL
86,40,368,50,NULL,0
NULL,50,7307,30,"2012-06-25",2
97,50,70,50,NULL,0
317,0,NULL,0,NULL,0
380,50,194,50,NULL,0
38,20,250,20,NULL,NULL
194,0,138,0,NULL,0
310,0,203,0,NULL,0
194,0,179,0,NULL,0
30,0,194,0,"2012-06-17",0
246,0,7,0,NULL,0
228,0,30,0,"2012-05-31",0
30,0,134,0,NULL,0
310,0,97,0,NULL,0
81,0,97,0,NULL,0
228,0,179,0,NULL,0
268,0,246,0,NULL,0
38,20,250,20,NULL,0
178,0,228,0,NULL,0
163,0,315,0,NULL,0
380,50,194,50,NULL,0
228,0,NULL,0,NULL,NULL
134,20,194,10,NULL,0
228,50,25,50,NULL,0
73,50,6088,50,NULL,4
175,50,5463,50,NULL,2
228,0,NULL,0,NULL,0
NULL,0,310,0,NULL,0
228,0,30,0,NULL,0
30,0,203,0,NULL,0
5463,0,228,0,NULL,0
175,50,5463,50,NULL,2
228,50,25,50,NULL,0
381,0,NULL,0,NULL,0
246,0,7,0,NULL,0
134,0,229,0,NULL,0
228,0,NULL,0,NULL,0
228,50,25,50,NULL,0
30,0,100,0,NULL,1
253,0,134,0,NULL,0
NULL,50,7324,30,"2012-06-25",2
30,0,228,0,NULL,0
73,50,6088,50,NULL,4
30,0,194,0,NULL,0
34,10,181,10,NULL,0
228,0,NULL,0,NULL,0
100,0,93,20,NULL,0
61,50,5463,50,NULL,2
232,0,30,0,NULL,0
317,0,NULL,0,NULL,0
282,50,84,50,NULL,1
134,0,229,0,NULL,0
380,50,194,50,NULL,0
381,0,NULL,0,NULL,0
228,0,NULL,0,NULL,0
228,50,25,50,NULL,0
134,0,279,0,NULL,0
97,0,183,20,NULL,0
30,0,169,0,NULL,0
134,0,43,0,NULL,0
30,0,134,0,NULL,0
228,0,37,0,NULL,0
317,0,NULL,0,NULL,0
228,0,NULL,0,NULL,0
134,0,229,0,NULL,0
181,10,310,20,NULL,0
5469,0,179,0,NULL,0
228,50,25,50,NULL,0
178,50,84,50,NULL,1
228,0,NULL,0,NULL,0
339,0,138,0,NULL,0
134,0,301,20,NULL,0
228,0,7061,0,NULL,0
5463,0,228,0,NULL,0
169,0,100,0,NULL,0
61,50,5463,50,NULL,2
317,0,NULL,0,NULL,0
30,0,134,0,NULL,0
30,0,228,0,NULL,0
381,0,NULL,0,NULL,0
268,0,246,0,NULL,0
380,50,69,50,NULL,0
169,0,6036,0,NULL,0
100,0,93,0,NULL,0
134,0,229,0,NULL,0
152,0,310,0,NULL,0
30,0,209,0,NULL,0
317,0,NULL,0,NULL,0
30,0,32,30,NULL,0
351,50,7305,30,"2012-06-25",2
5440,0,5463,0,NULL,0
30,0,134,0,NULL,0
263,0,209,0,NULL,0
228,0,NULL,0,NULL,NULL
317,0,NULL,0,NULL,0
61,50,5463,50,NULL,2
30,0,228,0,NULL,0
228,0,138,0,"2012-06-12",0
169,0,25,50,"2012-06-29",0
97,0,179,0,NULL,0
178,0,1,0,NULL,0
134,0,30,0,NULL,0
252,0,3105,0,NULL,NULL
246,50,134,0,NULL,0
97,50,70,50,NULL,0
97,0,100,0,NULL,0
134,0,229,0,NULL,0
228,0,37,0,NULL,0
317,0,NULL,0,NULL,0
380,50,138,50,NULL,0
152,0,310,0,NULL,0
138,50,270,0,NULL,NULL
100,0,93,0,NULL,0
228,0,179,0,NULL,0
229,0,170,0,NULL,4
43,10,73,10,NULL,0
212,0,142,0,NULL,0
6088,50,73,50,NULL,4
97,0,100,0,NULL,0
317,0,NULL,0,NULL,0
5453,0,5463,0,NULL,0
138,0,44,0,NULL,0
30,0,212,0,"2012-06-17",0
380,50,138,50,NULL,0
228,50,25,50,NULL,0
178,0,179,0,NULL,0
317,0,NULL,0,NULL,0
134,0,30,0,NULL,0
97,0,100,0,NULL,0
67,0,179,0,NULL,0
30,0,222,30,NULL,0
351,0,120,0,NULL,0
134,0,315,50,NULL,1
310,0,268,0,NULL,0
351,30,7324,30,"2012-06-25",2
317,0,NULL,0,NULL,0
30,0,131,0,NULL,0
86,0,NULL,0,NULL,0
194,0,110,0,NULL,0
134,0,30,0,NULL,0
30,0,24,0,NULL,0
228,0,211,0,NULL,0
84,0,100,0,NULL,0
228,0,212,0,"2012-06-10",0
58,50,134,0,NULL,0
317,0,NULL,0,NULL,0
169,0,100,0,NULL,0
228,0,7721,0,"2012-05-31",1
207,0,293,0,NULL,0
5469,0,179,0,NULL,0
228,0,138,0,"2012-06-11",0
97,0,100,0,NULL,0
228,0,30,0,"2012-05-31",0
228,0,5613,0,NULL,0
140,0,6036,0,NULL,0
268,0,246,0,NULL,0
7711,50,228,0,NULL,0
317,0,NULL,0,NULL,0
97,0,100,0,NULL,0
351,30,7324,30,"2012-06-25",2
30,0,134,0,NULL,0
317,0,NULL,0,NULL,0
310,0,268,0,NULL,0
134,0,30,0,NULL,0
30,0,131,0,NULL,0
228,0,179,0,NULL,0
6036,0,8772,0,NULL,0
86,0,NULL,0,NULL,0
228,0,81,0,NULL,0
317,0,NULL,0,NULL,0
315,30,1,0,NULL,0
97,50,70,50,NULL,0
211,0,166,0,NULL,0
317,0,NULL,0,NULL,0
169,0,100,0,NULL,0
228,10,163,10,NULL,0
75,50,NULL,0,NULL,0
228,50,25,50,NULL,0
315,30,212,50,NULL,0
97,0,100,0,NULL,0
317,0,NULL,0,NULL,0
30,0,228,0,NULL,0
5469,0,179,0,NULL,0
175,0,134,0,"2012-06-24",0
5453,0,5463,0,NULL,0
44,0,30,0,"2012-06-17",0
175,0,30,0,NULL,0
228,0,7721,0,NULL,1
86,0,NULL,0,NULL,0
278,0,138,0,"2012-06-11",0
317,0,NULL,0,NULL,0
381,0,NULL,0,NULL,0
134,0,30,0,NULL,0
100,0,310,30,NULL,0
169,0,138,50,NULL,1
140,30,73,0,NULL,0
380,50,138,50,NULL,0
381,0,NULL,0,NULL,0
97,0,100,0,NULL,0
228,0,212,0,"2012-06-10",0
110,50,97,50,NULL,0
61,0,175,0,"2012-06-02",1
317,0,NULL,0,NULL,0
138,30,30,0,NULL,0
228,0,37,0,NULL,0
30,0,131,0,NULL,0
209,0,134,0,NULL,0
97,0,179,0,NULL,0
179,0,30,0,"2012-07-13",0
169,0,100,0,NULL,0
70,0,6036,0,NULL,0
317,0,NULL,0,NULL,0
381,0,NULL,0,NULL,0
81,0,228,0,NULL,0
97,0,100,0,NULL,0
100,0,73,0,NULL,0
138,30,30,0,NULL,0
43,10,73,10,NULL,0
30,0,209,0,NULL,0
310,0,203,0,NULL,0
179,0,30,0,"2012-07-13",0
317,0,NULL,0,NULL,0
86,0,30,0,NULL,0
211,0,166,0,NULL,0
179,0,69,50,NULL,0
97,0,100,0,NULL,0
134,0,30,0,NULL,0
317,0,NULL,0,NULL,0
317,0,24,0,NULL,0
134,0,315,50,NULL,1
140,0,228,0,NULL,1
97,0,1,0,NULL,0
138,30,30,0,NULL,0
5717,0,5762,0,NULL,0
134,0,43,0,NULL,0
381,0,NULL,0,NULL,NULL
380,50,138,50,NULL,0
43,10,73,10,NULL,0
97,50,70,50,NULL,0
97,0,100,0,NULL,0
317,0,NULL,0,NULL,0
5463,0,NULL,0,NULL,0
134,0,30,0,NULL,0
100,0,310,30,NULL,0
30,0,24,0,NULL,0
11,0,246,0,NULL,0
355,0,194,0,NULL,0
86,0,NULL,0,NULL,0
315,30,1,0,NULL,0
212,0,228,0,NULL,0
179,0,30,0,"2012-07-13",0
75,50,NULL,0,NULL,0
5453,0,5463,0,NULL,0
97,20,37,0,NULL,0
317,0,NULL,0,NULL,0
134,0,3116,50,NULL,0
175,0,134,0,"2012-06-24",0
228,50,25,50,NULL,0
169,0,100,0,NULL,0
310,0,203,0,NULL,0
70,0,6036,0,NULL,0
246,0,5463,0,NULL,0
279,0,232,0,NULL,0
317,0,24,0,NULL,0
134,0,338,0,NULL,0
30,0,131,0,NULL,0
315,30,1,0,NULL,0
134,0,301,20,NULL,0
5469,0,179,0,NULL,0
140,0,228,0,NULL,1
179,0,2141,0,NULL,2
69,0,194,0,"2012-05-25",0
97,0,30,0,NULL,0
179,0,30,0,"2012-07-13",0
315,30,212,50,NULL,0
97,0,246,0,NULL,0
67,20,228,0,NULL,0
97,0,100,0,NULL,0
228,0,NULL,0,NULL,0
317,0,NULL,0,NULL,NULL
194,0,84,0,"2012-07-16",0
22,0,6639,0,"2012-06-15",0
179,0,2141,0,NULL,2
100,0,73,0,NULL,0
5463,0,NULL,0,NULL,0
179,0,228,0,NULL,0
173,0,228,0,NULL,0
5469,0,179,0,"2012-06-02",0
355,0,194,0,NULL,0
5469,0,179,0,"2012-06-02",0
169,10,270,10,NULL,0
75,30,NULL,0,NULL,0
299,0,228,0,NULL,0
235,0,209,0,NULL,0
5469,0,179,0,"2012-06-02",0
97,0,179,0,NULL,0
134,0,118,0,NULL,3
100,0,246,0,NULL,0
325,20,228,0,NULL,0
315,20,212,50,NULL,0
140,10,8461,10,NULL,0
355,0,194,0,NULL,0
179,0,2141,0,NULL,0
179,0,2141,0,NULL,0
169,10,270,10,NULL,0
97,0,30,0,NULL,0
138,0,97,0,NULL,0
5469,0,179,0,NULL,0
30,0,24,0,NULL,0
5453,0,5463,0,NULL,0
169,0,100,0,NULL,0
194,0,84,0,"2012-07-15",0
179,0,30,0,"2012-07-13",0
315,0,212,0,NULL,0
179,0,2141,0,NULL,0
140,0,8461,0,NULL,0
140,0,228,0,NULL,1
5469,0,179,0,NULL,0
169,0,73,0,NULL,0
380,50,120,50,NULL,0
351,0,246,0,NULL,0
97,50,70,50,NULL,0
169,0,138,50,NULL,1
169,0,NULL,0,NULL,0
194,0,84,0,NULL,0
181,0,228,0,NULL,0
NULL,0,138,0,NULL,0
179,0,6036,0,NULL,0
NULL,0,9211,0,NULL,0
228,0,5613,0,NULL,0
5463,0,169,0,NULL,0
140,0,228,0,NULL,1
351,0,NULL,0,NULL,NULL
315,30,1,0,NULL,0
228,0,299,20,NULL,0
169,0,138,50,NULL,0
134,0,271,10,"2012-06-10",0
NULL,0,7307,0,NULL,NULL
315,50,134,0,NULL,1
100,0,310,30,NULL,0
73,0,69,0,NULL,NULL
179,0,228,0,NULL,0
310,0,25,50,NULL,0
169,0,73,0,NULL,0
73,0,297,0,NULL,0
228,0,5463,0,NULL,0
97,50,70,50,NULL,0
194,0,84,0,NULL,0
5453,0,5463,0,"2012-05-31",0
270,0,134,0,NULL,1
325,20,228,0,NULL,0
30,0,131,0,NULL,0
228,0,299,0,NULL,0
30,0,134,0,NULL,0
69,0,194,0,NULL,0
30,0,213,0,NULL,0
100,0,246,0,NULL,0
228,30,282,30,NULL,0
134,0,151,0,NULL,3
181,0,228,0,NULL,0
97,0,30,0,NULL,0
330,0,67,0,NULL,0
325,20,228,0,NULL,0
169,0,43,50,NULL,0
134,0,32,0,NULL,0
73,0,297,0,NULL,0
30,0,134,0,NULL,0
131,0,30,0,NULL,0
100,0,73,20,NULL,0
NULL,0,5847,0,NULL,NULL
179,0,6036,0,NULL,0
134,0,69,0,NULL,1
315,50,134,0,NULL,1
30,0,138,0,NULL,0
58,0,355,0,NULL,0
209,0,134,0,NULL,0
6795,0,30,0,NULL,1
131,0,30,0,NULL,0
73,0,100,20,NULL,0
30,0,134,0,NULL,0
179,0,2141,0,NULL,0
30,0,100,0,NULL,1
7713,30,36,50,NULL,0
6795,0,30,0,NULL,1
310,0,25,50,NULL,0
228,0,5463,0,NULL,0
351,0,228,0,NULL,0
351,0,310,0,NULL,0
194,0,84,0,NULL,0
NULL,0,9211,0,NULL,NULL
6795,32,30,0,NULL,0
7307,0,0,0,NULL,0
5453,0,5463,0,"2012-05-31",0
30,0,100,0,NULL,0
179,0,2141,0,NULL,0
228,0,30,0,NULL,0
NULL,0,7056,0,NULL,0
330,0,67,0,NULL,0
194,0,69,0,NULL,0
97,0,100,0,NULL,0
5988,0,5993,0,NULL,0
5463,0,169,0,NULL,0
30,0,194,0,NULL,0
6795,0,30,0,NULL,0
194,0,30,0,NULL,0
297,0,73,0,NULL,0
178,0,8835,0,NULL,0
69,0,117,0,NULL,0
30,30,355,30,NULL,0
317,0,NULL,0,NULL,NULL
NULL,0,7056,0,NULL,0
179,0,2141,0,NULL,0
169,0,43,50,NULL,0
97,0,30,0,NULL,0
194,0,84,0,"2012-06-17",0
194,0,30,0,NULL,0
NULL,0,138,0,NULL,0
351,0,310,0,NULL,0
30,0,100,0,NULL,1
NULL,0,8137,0,NULL,NULL
30,0,100,0,NULL,0
275,0,379,0,NULL,0
169,0,100,0,NULL,0
30,0,351,0,"2012-06-15",0
275,0,379,0,NULL,0
5988,0,5993,0,NULL,0
5717,0,5762,0,NULL,0
275,0,379,0,NULL,0
134,0,69,0,NULL,0
178,0,8835,0,NULL,0
37,0,246,0,NULL,0
179,0,228,0,NULL,0
97,0,179,0,NULL,0
194,0,84,0,"2012-06-17",0
37,40,368,50,NULL,1
100,0,246,0,NULL,0
194,0,30,0,NULL,0
5988,0,5993,0,NULL,0
30,0,134,0,NULL,0
113,0,203,0,NULL,0
279,0,175,0,NULL,0
6036,0,179,0,NULL,0
5988,0,5993,0,NULL,0
7056,0,NULL,0,NULL,0
351,0,310,0,NULL,0
NULL,0,138,0,NULL,0
73,50,NULL,0,NULL,4
30,30,355,30,NULL,0
228,0,2196,0,NULL,0
37,40,368,50,NULL,1
351,0,30,0,NULL,0
30,0,134,0,NULL,0
5988,0,5993,0,NULL,0
113,0,203,0,NULL,0
97,0,30,0,NULL,0
113,0,203,0,NULL,0
73,0,NULL,0,NULL,0
134,0,301,20,NULL,0
37,0,246,0,NULL,0
44,50,97,0,NULL,0
30,0,100,0,NULL,1
134,0,271,0,"2012-06-10",0
113,0,203,0,NULL,0
NULL,0,7307,0,NULL,NULL
179,0,169,0,NULL,0
209,0,134,0,NULL,0
351,0,30,0,NULL,0
7056,0,NULL,0,NULL,0
134,0,300,20,NULL,0
37,40,368,50,NULL,1
351,0,228,0,NULL,0
3108,0,279,0,NULL,0
97,0,30,0,NULL,0
351,0,310,0,NULL,0
97,0,310,0,NULL,0
134,0,120,0,NULL,0
44,50,97,0,NULL,0
NULL,0,138,0,NULL,0
228,0,30,0,NULL,0
169,0,351,0,NULL,0
6036,0,179,0,NULL,0
169,10,270,10,NULL,0
134,0,138,0,NULL,0
121,0,30,0,NULL,0
228,0,30,0,NULL,0
43,10,73,10,NULL,0
211,0,166,0,NULL,0
44,50,97,50,NULL,0
54,0,261,0,"2012-05-31",0
134,0,136,20,NULL,0
134,0,301,10,NULL,0
97,0,310,0,NULL,0
169,10,134,10,"2012-06-12",0
103,50,30,0,NULL,1
7056,0,NULL,0,NULL,0
169,10,270,0,NULL,0
138,0,169,0,NULL,0
97,0,30,0,NULL,0
169,0,NULL,0,NULL,0
351,0,30,0,NULL,0
70,0,212,10,NULL,0
279,0,121,0,NULL,0
310,0,97,0,NULL,0
30,0,134,0,NULL,0
169,10,134,10,NULL,0
14,0,138,0,NULL,0
351,0,30,0,NULL,0
30,0,134,0,NULL,0
246,0,5463,0,NULL,0
134,0,32,0,NULL,0
276,0,279,0,NULL,0
121,0,30,0,NULL,0
97,0,5463,0,NULL,0
134,0,301,0,NULL,0
97,0,30,0,NULL,0
194,0,170,0,NULL,0
97,0,310,0,NULL,0
1,0,228,0,NULL,0
30,0,213,0,NULL,0
117,0,69,0,NULL,0
30,0,7015,0,NULL,0
37,40,368,50,NULL,1
315,50,134,0,NULL,1
228,0,30,0,NULL,0
30,0,179,0,NULL,0
30,0,351,0,"2012-06-15",0
310,0,97,0,NULL,0
30,0,134,0,NULL,0
30,0,7015,0,NULL,0
351,0,30,0,NULL,0
228,0,30,0,NULL,0
NULL,0,138,0,NULL,0
30,0,138,0,NULL,0
6104,0,73,0,NULL,0
351,0,310,0,NULL,0
6104,0,73,0,NULL,0
6104,0,73,0,NULL,0
6104,0,73,0,NULL,0
8754,0,213,0,NULL,0
209,0,30,0,NULL,0
1,0,228,0,NULL,0
121,0,30,0,NULL,0
178,50,84,50,NULL,1
169,0,30,0,NULL,0
134,0,32,0,NULL,0
97,0,310,0,NULL,0
54,0,261,0,"2012-05-31",0
228,50,53,0,NULL,0
37,40,368,40,NULL,1
121,0,30,0,NULL,0
14,0,138,0,NULL,0
235,0,209,0,NULL,0
30,0,24,0,NULL,0
138,0,270,0,NULL,0
178,50,84,0,NULL,1
5717,0,5762,0,NULL,0
228,0,2196,0,NULL,0
273,0,100,0,NULL,0
86,0,134,0,NULL,0
351,0,30,0,NULL,0
6104,0,73,0,NULL,0
67,0,6036,0,NULL,0
228,50,25,50,NULL,0
1,0,228,0,NULL,0
351,0,310,0,NULL,0
121,0,134,0,NULL,0
351,0,228,0,NULL,0
97,0,5463,0,NULL,0
211,0,30,0,NULL,0
228,0,30,0,NULL,0
169,0,351,0,NULL,0
37,40,368,40,NULL,1
30,0,179,0,NULL,0
53,0,310,0,NULL,0
228,0,30,0,NULL,0
310,0,97,0,NULL,0
8788,0,213,0,NULL,0
30,0,134,0,NULL,0
351,0,30,0,NULL,0
170,0,181,0,NULL,0
228,0,30,0,NULL,0
NULL,0,84,0,NULL,1
169,0,351,0,NULL,0
228,0,257,0,NULL,0
209,0,30,0,NULL,0
315,0,228,0,NULL,0
NULL,0,NULL,0,NULL,0
70,50,212,10,NULL,0
351,0,228,0,NULL,0
97,0,310,0,NULL,0
380,50,134,50,NULL,0
179,0,299,0,NULL,1
351,0,310,0,NULL,0
351,0,30,0,NULL,0
134,0,175,0,NULL,0
NULL,0,NULL,0,NULL,0
209,0,134,0,NULL,0
310,0,97,0,NULL,0
67,0,6036,0,NULL,0
179,0,299,0,NULL,0
243,20,107,10,NULL,0
211,0,30,0,NULL,0
6958,50,6988,50,NULL,0
209,0,134,0,NULL,0
121,0,279,0,NULL,0
134,0,30,0,NULL,0
169,0,351,0,NULL,0
120,0,36,0,NULL,1
310,0,9,0,NULL,0
243,20,107,0,NULL,0
30,0,134,0,NULL,0
30,0,8875,0,"2012-06-15",0
30,0,179,0,NULL,0
228,0,8394,0,NULL,0
134,0,152,0,NULL,NULL
152,0,310,0,NULL,0
235,0,209,0,NULL,0
100,50,138,50,NULL,0
169,10,134,10,NULL,4
2,0,37,0,NULL,0
30,0,134,0,NULL,0
NULL,0,84,0,NULL,1
70,50,212,10,NULL,0
310,0,97,0,NULL,0
211,0,166,0,NULL,0
6088,50,73,50,NULL,4
212,0,228,0,NULL,0
30,0,179,0,NULL,0
169,10,134,10,NULL,4
211,0,166,0,NULL,0
297,0,73,0,NULL,0
134,0,175,0,NULL,0
NULL,0,84,0,NULL,1
73,0,97,0,NULL,0
81,0,179,0,NULL,0
30,0,138,0,NULL,0
NULL,0,7307,0,NULL,0
152,0,310,0,NULL,0
171,0,138,0,NULL,0
134,0,30,0,NULL,0
169,10,134,10,NULL,0
69,0,131,0,"2012-05-31",0
97,0,246,0,NULL,0
228,40,7729,0,NULL,0
69,0,30,0,NULL,0
117,30,30,30,NULL,0
246,0,292,0,NULL,0
5988,0,73,0,NULL,0
194,0,30,0,NULL,0
30,0,70,0,NULL,0
380,50,134,50,NULL,0
310,0,25,50,NULL,0
228,0,8394,0,NULL,0
317,0,5463,0,NULL,3
37,0,246,0,NULL,0
171,0,44,0,"2012-06-06",0
81,0,97,0,NULL,0
22,0,30,0,NULL,0
69,0,30,0,NULL,0
30,0,179,0,NULL,0
179,0,228,0,NULL,0
209,0,134,0,NULL,0
30,0,134,0,NULL,0
211,0,166,0,NULL,0
134,50,380,50,NULL,0
369,0,194,0,NULL,0
179,0,228,0,NULL,0
97,10,100,0,NULL,0
293,0,30,0,NULL,0
70,0,246,0,NULL,0
121,0,279,0,NULL,0
107,0,243,0,NULL,0
351,0,228,0,NULL,0
120,0,36,0,NULL,1
134,0,30,0,NULL,0
81,0,137,0,NULL,0
43,0,179,30,NULL,0
338,50,2139,50,NULL,4
121,0,134,0,NULL,0
NULL,0,7307,0,NULL,NULL
30,0,81,0,NULL,0
310,0,246,0,NULL,0
107,0,243,0,NULL,0
310,0,30,0,NULL,0
194,0,44,0,NULL,0
228,0,310,0,NULL,0
315,0,310,0,NULL,0
NULL,30,6639,30,NULL,1
351,0,30,0,NULL,0
310,0,73,0,NULL,0
97,0,5463,0,NULL,0
53,0,310,0,NULL,0
81,0,210,0,NULL,0
134,0,30,0,NULL,0
299,0,179,0,NULL,0
315,0,310,0,NULL,0
84,50,299,50,NULL,0
194,0,30,0,NULL,0
134,0,0,0,NULL,0
100,0,73,10,NULL,1
169,0,97,0,NULL,0
7056,50,6950,50,NULL,0
310,20,230,30,NULL,0
30,0,134,0,NULL,0
2196,0,310,0,NULL,0
243,0,107,0,NULL,0
246,0,374,50,NULL,0
235,0,209,0,NULL,0
48,50,228,50,NULL,0
84,50,100,50,NULL,0
211,0,166,0,NULL,0
194,0,30,0,NULL,0
179,0,228,0,NULL,0
211,0,166,0,NULL,0
134,50,380,50,NULL,0
169,0,97,0,NULL,0
142,0,194,0,NULL,0
134,0,0,0,NULL,0
53,0,194,0,NULL,0
228,0,310,0,NULL,0
140,0,310,0,NULL,0
NULL,0,NULL,0,NULL,0
97,0,169,0,NULL,0
58,0,211,0,NULL,0
169,0,100,0,NULL,0
6639,30,NULL,0,NULL,1
30,0,228,0,NULL,0
228,50,53,0,NULL,0
169,0,NULL,0,NULL,0
73,0,194,0,NULL,0
194,0,30,0,NULL,0
84,50,169,0,NULL,0
194,0,84,0,"2012-06-18",0
134,0,30,0,NULL,0
209,0,30,0,NULL,0
58,0,211,0,NULL,0
194,0,69,0,NULL,0
142,0,194,0,NULL,0
30,0,310,0,"2012-06-10",0
73,0,194,0,NULL,0
97,0,310,0,NULL,0
32,0,315,0,NULL,0
228,0,229,0,NULL,0
179,0,228,0,NULL,0
171,0,44,0,NULL,0
58,0,211,0,NULL,0
30,0,179,0,NULL,0
194,0,30,0,NULL,0
97,50,70,50,NULL,0
48,50,228,50,NULL,0
179,0,228,0,NULL,0
6036,0,73,0,NULL,0
113,0,81,0,NULL,0
97,0,169,0,NULL,0
209,0,30,0,NULL,0
58,0,166,0,NULL,0
134,0,0,0,NULL,0
53,0,194,0,NULL,0
NULL,0,84,0,NULL,1
209,0,30,0,NULL,0
171,0,44,0,NULL,0
179,0,228,0,NULL,0
32,0,315,0,NULL,0
73,50,2196,50,NULL,1
2132,0,97,0,NULL,0
58,0,166,0,NULL,0
30,0,203,0,NULL,0
175,0,30,0,NULL,0
48,50,228,50,NULL,0
30,0,179,0,NULL,0
30,0,131,0,NULL,0
229,0,212,0,"2012-06-10",0
228,0,229,0,NULL,0
209,0,30,0,NULL,0
6036,0,73,0,NULL,0
355,0,194,0,NULL,0
351,0,7056,0,NULL,0
48,50,228,50,NULL,0
194,0,30,0,NULL,0
138,0,270,0,NULL,0
224,0,138,20,"2012-06-30",1
310,0,53,0,NULL,0
169,0,246,0,NULL,0
194,0,84,0,"2012-06-18",0
58,0,166,0,NULL,0
228,0,8394,0,NULL,0
32,0,315,0,NULL,0
351,0,228,0,NULL,0
178,50,5440,50,"2012-06-11",1
310,20,30,20,"2012-06-10",0
48,50,228,50,NULL,0
134,0,0,0,NULL,0
97,0,310,0,NULL,0
351,0,30,0,NULL,0
73,0,2196,0,NULL,1
315,30,140,0,NULL,0
194,0,30,0,NULL,0
209,0,30,0,NULL,0
263,0,69,0,NULL,0
48,50,228,50,NULL,0
32,0,315,0,NULL,0
44,0,55,0,NULL,0
6036,0,179,0,NULL,0
30,0,279,0,NULL,0
134,0,30,0,NULL,0
209,0,30,0,NULL,0
6036,0,73,0,NULL,0
53,0,194,0,NULL,0
194,0,84,0,"2012-06-17",0
30,0,131,0,NULL,0
97,0,310,0,NULL,0
194,0,30,0,NULL,0
134,0,30,0,NULL,0
30,0,179,0,NULL,0
169,0,8461,0,NULL,0
86,30,45,0,NULL,0
191,0,222,0,NULL,0
73,0,2196,0,NULL,1
86,20,45,0,NULL,0
228,0,212,0,"2012-06-10",0
194,0,30,0,NULL,0
209,0,30,0,NULL,0
229,0,212,0,"2012-06-10",0
279,0,175,0,NULL,0
100,0,206,10,NULL,0
191,0,222,0,NULL,0
97,0,6036,0,NULL,0
351,0,228,0,NULL,0
8462,0,169,0,NULL,0
0,0,381,0,NULL,0
97,0,310,0,NULL,0
86,20,44,0,NULL,0
138,0,270,0,NULL,0
131,0,69,0,NULL,0
194,0,30,0,NULL,0
73,0,6036,0,NULL,0
44,50,97,50,NULL,0
69,0,194,0,NULL,0
308,0,30,0,NULL,0
263,0,69,0,NULL,0
179,0,297,0,NULL,0
86,30,44,0,NULL,0
194,0,84,0,"2012-06-10",0
166,50,93,50,NULL,4
30,0,134,0,NULL,0
191,0,222,0,NULL,0
134,0,228,0,NULL,3
84,50,169,50,NULL,0
228,0,338,0,NULL,0
351,0,228,0,NULL,0
97,0,310,0,NULL,0
97,0,5463,0,NULL,0
134,0,93,0,NULL,0
229,0,212,0,"2012-06-10",0
NULL,0,84,0,NULL,1
194,0,84,0,"2012-06-10",0
166,50,93,50,NULL,4
84,50,169,0,NULL,0
209,0,30,0,NULL,0
100,0,206,10,NULL,0
351,0,228,0,NULL,0
97,0,310,0,NULL,0
81,0,113,0,NULL,0
169,0,100,0,NULL,0
308,0,30,0,NULL,0
297,0,353,0,NULL,4
2132,0,97,0,NULL,0
30,0,138,0,NULL,0
166,50,93,50,NULL,4
73,0,2196,0,NULL,1
191,0,222,0,NULL,0
310,0,299,0,NULL,0
5469,0,179,0,NULL,0
310,0,97,0,NULL,0
310,20,30,20,"2012-06-10",0
30,20,178,20,NULL,NULL
30,0,279,0,NULL,0
229,0,97,0,"2012-06-12",0
194,0,84,0,"2012-06-10",0
NULL,0,84,0,NULL,1
73,0,194,0,NULL,0
84,50,169,0,NULL,0
86,30,44,0,NULL,0
228,0,NULL,0,NULL,NULL
0,0,381,0,NULL,0
7061,10,NULL,10,NULL,3
30,0,138,0,NULL,0
6639,30,NULL,0,NULL,1
30,0,134,0,NULL,1
69,0,97,0,NULL,0
228,0,22,20,NULL,1
32,0,315,0,NULL,0
194,0,84,0,"2012-06-10",0
69,0,131,0,"2012-05-31",0
134,20,209,10,NULL,0
30,0,131,0,NULL,0
32,0,315,0,NULL,0
166,50,93,50,NULL,4
179,0,229,0,NULL,0
211,0,30,0,NULL,0
293,0,30,0,NULL,0
308,0,30,0,NULL,0
228,0,254,0,"2012-06-10",0
351,0,228,0,NULL,0
NULL,0,84,0,NULL,1
134,0,14,0,NULL,3
32,0,315,0,NULL,0
30,0,310,0,"2012-06-10",0
107,20,243,20,NULL,0
30,0,179,0,NULL,0
310,0,97,0,NULL,0
169,0,170,0,NULL,0
30,20,310,20,"2012-06-17",0
32,0,315,0,NULL,0
30,20,198,20,NULL,NULL
228,0,317,0,NULL,0
84,50,251,0,NULL,0
32,0,315,0,NULL,0
97,50,70,50,NULL,0
6795,0,179,0,NULL,0
194,0,84,0,"2012-06-10",0
30,0,179,0,NULL,0
169,0,310,0,NULL,0
166,50,93,50,NULL,4
NULL,0,84,0,NULL,1
134,0,0,0,NULL,0
211,0,30,0,NULL,0
310,0,179,0,NULL,0
297,0,353,0,NULL,4
191,0,222,0,NULL,0
228,0,212,0,"2012-06-10",0
2174,50,97,0,"2012-06-10",0
134,0,36,40,NULL,0
30,0,134,0,NULL,1
44,0,179,0,NULL,0
166,50,93,50,NULL,4
163,0,53,0,NULL,0
NULL,0,84,0,NULL,1
30,0,279,0,NULL,0
209,0,30,0,NULL,0
310,0,97,0,NULL,3
273,0,NULL,0,NULL,NULL
32,0,315,0,NULL,0
70,0,69,0,NULL,0
100,0,206,10,NULL,0
121,0,134,0,NULL,0
194,0,30,0,NULL,0
308,0,30,0,NULL,0
380,0,134,0,NULL,0
5469,0,179,0,NULL,0
30,0,310,0,"2012-06-10",0
194,50,175,0,NULL,0
194,0,30,0,NULL,0
6639,30,NULL,0,NULL,1
97,50,248,20,NULL,0
169,0,100,0,NULL,0
212,0,228,0,NULL,0
37,0,6036,0,"2012-07-23",0
351,0,228,0,NULL,0
134,0,0,0,NULL,0
310,0,181,0,NULL,0
30,0,134,0,NULL,0
81,0,30,0,NULL,0
279,0,69,0,NULL,0
170,0,179,0,NULL,0
134,0,36,40,NULL,0
30,0,310,0,"2012-06-10",0
97,0,310,0,NULL,0
32,0,315,0,NULL,0
211,0,30,0,NULL,0
169,0,104,0,NULL,0
30,0,138,0,NULL,0
NULL,0,84,0,NULL,1
30,0,81,0,NULL,0
163,0,53,0,NULL,0
169,0,200,30,NULL,0
100,0,169,0,NULL,0
0,0,381,0,NULL,0
169,0,228,0,NULL,0
69,0,73,0,NULL,1
163,0,53,0,NULL,0
228,0,229,0,NULL,0
97,50,248,20,NULL,0
30,0,134,0,NULL,1
228,0,7684,0,NULL,0
228,0,292,20,NULL,1
44,0,179,0,NULL,0
30,0,310,0,"2012-06-10",0
310,20,30,20,"2012-06-17",0
5463,0,228,0,NULL,1
163,0,53,0,NULL,0
97,0,310,0,NULL,0
NULL,50,97,0,"2012-06-10",0
NULL,0,84,0,NULL,1
30,0,131,0,NULL,0
100,0,169,0,NULL,0
134,0,14,0,NULL,3
30,0,229,0,NULL,0
380,0,134,0,NULL,0
0,0,381,0,NULL,0
30,0,179,0,NULL,0
169,0,170,0,NULL,0
134,0,0,0,NULL,0
279,0,53,0,NULL,0
169,0,NULL,0,NULL,0
246,0,69,0,NULL,0
NULL,0,84,0,NULL,1
37,0,6036,0,"2012-07-23",0
163,0,53,0,NULL,0
44,0,179,0,NULL,0
169,0,NULL,0,NULL,0
30,0,310,0,"2012-06-10",0
255,0,228,0,NULL,0
228,0,7684,0,NULL,0
30,0,134,0,NULL,0
194,0,30,0,NULL,0
NULL,0,84,0,NULL,1
235,0,209,0,NULL,0
30,0,134,0,NULL,0
30,0,279,0,NULL,0
308,0,30,0,NULL,0
97,0,44,0,NULL,0
134,0,14,0,NULL,3
7718,20,170,0,NULL,0
351,0,310,0,NULL,0
194,0,30,0,NULL,0
86,20,44,0,NULL,0
5463,0,228,0,"2012-06-14",1
297,0,23,0,NULL,4
381,0,NULL,0,NULL,0
194,0,84,0,"2012-06-10",0
169,0,NULL,0,NULL,0
30,0,228,0,NULL,0
60,30,3105,40,NULL,0
169,0,170,0,NULL,0
246,0,69,0,NULL,0
134,0,0,0,NULL,0
228,10,3115,40,NULL,0
30,0,279,0,NULL,0
228,0,310,0,NULL,0
97,0,310,0,NULL,0
NULL,0,7056,0,NULL,NULL
279,0,134,0,NULL,0
60,30,3105,40,NULL,0
228,0,7684,0,NULL,0
30,20,310,20,"2012-06-15",0
30,0,279,0,NULL,0
297,0,23,0,NULL,4
310,0,30,0,NULL,0
30,0,81,0,NULL,0
30,0,131,0,NULL,0
43,0,30,0,NULL,0
60,30,3105,40,NULL,0
381,0,NULL,0,NULL,NULL
NULL,0,8835,0,NULL,0
279,0,134,0,NULL,0
278,50,228,0,NULL,0
228,0,97,0,NULL,0
310,0,213,0,NULL,0
170,50,228,50,NULL,2
228,0,2196,0,NULL,0
308,0,30,0,NULL,0
273,0,7729,20,NULL,0
310,0,179,0,NULL,0
30,0,120,0,NULL,0
6,50,254,50,NULL,4
86,20,30,10,"2012-06-13",0
NULL,0,8835,0,NULL,0
228,0,97,0,NULL,0
228,0,7684,0,NULL,0
140,0,30,0,NULL,1
134,0,0,0,NULL,0
163,0,53,0,NULL,0
3105,30,60,40,NULL,0
97,0,310,0,NULL,0
134,0,36,40,NULL,0
235,0,209,0,NULL,0
107,20,243,20,NULL,0
246,0,69,0,NULL,0
228,0,310,0,NULL,0
228,0,310,0,NULL,0
44,0,30,0,NULL,0
278,50,228,0,NULL,0
69,0,131,0,"2012-05-31",0
22,0,246,0,"2012-06-15",0
69,0,30,0,"2012-05-31",0
73,0,6036,0,NULL,0
140,0,30,0,NULL,1
30,0,134,0,NULL,0
2196,0,228,0,NULL,1
97,50,248,0,NULL,0
97,50,248,0,NULL,0
246,0,69,0,NULL,0
351,0,228,0,NULL,0
69,0,30,0,"2012-05-31",0
134,0,279,0,"2012-07-30",0
341,0,30,0,NULL,1
283,50,179,0,NULL,0
NULL,0,228,0,NULL,0
86,20,30,10,"2012-06-13",0
310,0,170,0,NULL,0
6,50,254,50,NULL,0
73,0,6036,0,NULL,0
351,0,310,0,NULL,0
30,0,131,0,NULL,0
134,0,0,0,NULL,0
228,0,310,0,NULL,0
30,0,134,0,NULL,0
310,0,179,0,NULL,0
163,0,53,0,NULL,0
228,0,7684,0,NULL,0
100,0,97,0,NULL,0
134,0,279,0,"2012-07-30",0
169,0,120,0,NULL,0
2142,50,97,0,NULL,0
179,50,163,50,NULL,0
30,0,138,0,NULL,0
140,0,30,0,NULL,1
30,10,229,20,NULL,0
30,0,134,0,NULL,1
97,0,170,0,NULL,0
246,0,69,0,NULL,0
310,0,179,0,NULL,0
194,0,97,0,NULL,0
70,0,69,0,NULL,0
6795,0,179,0,NULL,0
58,0,282,0,NULL,0
283,50,179,0,NULL,0
86,10,30,10,"2012-06-13",0
100,0,97,0,NULL,0
69,0,30,0,"2012-05-31",0
30,0,279,0,NULL,0
107,20,243,20,NULL,0
69,0,30,0,"2012-05-31",0
224,0,138,0,"2012-06-30",1
163,0,187,50,NULL,0
73,0,6036,0,NULL,0
228,0,310,0,NULL,0
235,0,209,0,NULL,0
169,0,120,0,NULL,0
169,0,30,0,NULL,0
107,20,243,10,NULL,0
163,0,187,50,NULL,0
69,0,30,0,"2012-05-31",0
58,0,282,0,NULL,0
7056,10,7061,10,NULL,3
67,0,351,50,NULL,0
69,0,131,0,"2012-05-31",0
6795,0,179,0,NULL,0
3105,30,60,40,NULL,0
351,0,228,0,NULL,0
2196,0,228,0,NULL,1
7056,10,7061,10,NULL,0
224,0,138,0,"2012-06-30",1
228,0,2196,0,NULL,0
169,0,120,0,NULL,0
181,40,228,30,NULL,1
86,10,30,10,"2012-06-13",0
14,0,30,0,NULL,0
97,0,253,0,NULL,0
NULL,0,228,0,NULL,0
134,0,0,0,NULL,0
138,0,270,0,NULL,0
351,0,228,0,NULL,0
7056,0,7061,0,NULL,0
134,0,279,0,"2012-07-30",0
30,0,279,0,NULL,0
134,0,30,0,NULL,0
140,0,30,0,NULL,1
134,0,14,0,NULL,3
97,0,310,0,NULL,0
138,0,44,0,NULL,0
134,0,14,0,NULL,3
134,0,14,0,NULL,3
308,0,30,0,NULL,0
138,0,134,0,NULL,0
235,0,209,0,NULL,0
69,0,30,0,"2012-05-31",0
194,0,30,0,NULL,0
134,20,344,50,NULL,0
30,0,30,0,NULL,0
69,0,30,0,"2012-05-31",0
169,0,97,0,NULL,0
107,10,243,10,NULL,0
54,0,253,0,NULL,0
7675,0,97,0,NULL,0
138,0,134,0,NULL,0
97,0,229,0,NULL,0
229,0,138,0,NULL,0
194,0,30,0,NULL,0
86,10,30,10,"2012-06-13",0
194,0,69,0,NULL,0
181,0,228,0,NULL,0
7061,0,7056,0,NULL,0
235,0,209,0,NULL,0
279,0,69,0,NULL,0
30,10,229,20,NULL,0
30,0,279,0,NULL,0
169,0,192,0,NULL,1
179,0,69,0,NULL,0
8457,30,97,0,NULL,2
2196,0,228,0,NULL,1
5988,0,5993,0,NULL,0
97,0,30,10,NULL,0
228,0,310,0,NULL,0
7061,0,7056,0,NULL,0
138,0,351,0,NULL,NULL
107,0,243,0,NULL,0
7675,0,97,0,NULL,0
30,0,30,0,NULL,0
7061,0,7056,0,NULL,0
134,0,36,40,NULL,0
134,0,279,0,"2012-07-30",0
194,0,69,0,NULL,0
30,0,93,0,NULL,0
14,0,30,0,NULL,0
30,10,140,10,NULL,0
7061,10,7056,10,NULL,0
310,10,97,10,NULL,0
5988,0,5993,0,NULL,0
97,0,30,10,NULL,0
228,0,NULL,0,NULL,0
228,0,NULL,0,NULL,0
30,0,30,0,NULL,0
5463,0,228,0,"2012-06-14",1
228,0,NULL,0,NULL,0
134,0,93,0,NULL,0
2196,0,228,0,NULL,1
228,0,NULL,0,NULL,0
228,0,NULL,0,NULL,0
178,20,30,20,NULL,0
30,10,229,20,NULL,0
253,0,97,0,NULL,0
97,50,248,0,NULL,0
229,0,138,0,NULL,0
142,0,194,0,NULL,0
228,0,NULL,0,NULL,0
310,0,100,0,NULL,0
315,10,317,10,NULL,0
7061,10,7056,10,NULL,4
30,0,93,0,NULL,0
228,0,NULL,0,NULL,0
310,0,100,0,NULL,0
341,50,1,50,"2012-06-11",0
7061,10,7056,10,NULL,0
30,0,279,0,NULL,0
23,0,69,0,NULL,0
134,0,279,0,NULL,0
134,0,228,0,NULL,0
273,0,7729,20,NULL,0
194,0,30,0,NULL,0
30,20,310,20,"2012-06-15",0
169,0,170,0,NULL,0
30,0,138,0,NULL,0
317,10,315,10,NULL,0
235,0,209,0,NULL,0
5988,0,5993,0,NULL,0
2196,0,228,0,NULL,0
30,0,30,0,NULL,0
170,50,228,50,NULL,2
30,0,93,0,NULL,0
7061,0,7056,0,NULL,0
228,10,3115,30,NULL,0
228,0,246,0,NULL,4
341,50,1,50,"2012-06-11",0
228,10,3115,30,NULL,0
7675,0,97,0,NULL,0
169,0,170,0,NULL,0
5762,0,5717,0,NULL,0
7061,0,7056,0,NULL,0
134,0,228,0,NULL,0
30,0,279,0,NULL,0
30,0,7700,0,NULL,0
134,20,344,50,NULL,0
175,0,134,0,NULL,0
169,0,170,0,NULL,0
370,0,97,0,NULL,0
181,0,228,0,NULL,0
194,0,30,0,NULL,0
134,0,246,0,NULL,NULL
310,0,103,0,NULL,0
310,0,228,0,NULL,0
228,50,53,0,NULL,0
30,0,134,0,NULL,1
7061,0,7056,0,NULL,0
30,0,93,0,NULL,0
67,0,170,0,NULL,0
169,0,170,0,NULL,0
254,0,228,0,NULL,0
181,0,228,0,NULL,0
229,0,138,0,NULL,0
30,0,7700,0,NULL,0
23,0,69,0,NULL,0
134,0,246,0,NULL,NULL
134,0,138,0,NULL,0
175,10,93,10,NULL,0
58,0,282,0,NULL,0
194,0,69,0,NULL,0
169,0,100,0,NULL,0
2196,0,100,0,NULL,0
179,0,299,0,NULL,0
179,0,299,0,NULL,0
30,0,8750,50,NULL,1
211,0,282,0,NULL,0
228,0,NULL,0,NULL,0
224,0,138,0,"2012-06-30",1
134,20,344,50,NULL,0
175,0,134,0,NULL,0
134,0,36,40,NULL,0
179,0,299,0,NULL,1
113,0,179,0,NULL,0
23,0,69,0,NULL,0
2196,0,100,0,NULL,0
209,0,30,0,NULL,0
194,0,69,0,NULL,0
96,0,131,0,NULL,0
134,0,246,0,NULL,NULL
169,0,170,0,NULL,0
175,0,134,0,NULL,0
7675,0,95,0,NULL,0
2196,0,100,0,NULL,0
30,0,93,0,NULL,0
228,0,NULL,0,NULL,0
175,0,134,0,NULL,0
30,0,138,0,NULL,0
58,0,282,0,NULL,0
2196,0,228,0,NULL,0
310,0,228,0,NULL,0
228,0,7729,20,NULL,0
228,0,30,0,NULL,0
30,10,229,20,NULL,0
30,0,229,0,NULL,0
181,0,228,0,NULL,0
134,0,279,0,NULL,0
229,0,138,0,NULL,0
229,0,169,0,"2012-06-01",1
179,0,6795,0,NULL,0
213,50,170,0,NULL,0
211,0,330,50,NULL,0
181,0,228,0,NULL,0
228,50,53,0,NULL,0
270,0,5463,0,NULL,0
235,0,209,0,NULL,0
209,0,30,0,NULL,0
58,0,283,0,NULL,0
169,0,170,0,NULL,0
181,40,228,30,NULL,1
30,0,134,0,NULL,1
134,0,279,0,NULL,0
175,0,134,0,NULL,0
310,0,228,0,NULL,0
181,40,228,30,NULL,1
118,50,349,50,NULL,0
0,0,381,0,NULL,0
297,0,117,0,NULL,4
229,0,138,0,NULL,0
228,0,5463,0,NULL,1
30,0,138,0,NULL,0
228,0,229,0,NULL,0
194,0,69,0,NULL,0
235,0,209,0,NULL,0
351,0,279,0,NULL,0
209,0,30,0,NULL,0
169,0,104,0,NULL,0
30,0,229,0,NULL,0
67,0,351,50,NULL,0
310,0,97,0,NULL,0
194,0,96,0,NULL,0
30,0,138,0,NULL,0
243,20,138,0,NULL,0
175,0,134,0,NULL,0
211,0,282,0,NULL,0
228,0,84,0,NULL,0
194,0,69,0,NULL,0
58,0,283,0,NULL,0
11,0,351,0,NULL,0
228,0,NULL,0,NULL,0
5463,0,228,0,"2012-06-14",1
351,0,134,0,NULL,0
297,0,117,0,NULL,1
2139,50,97,0,NULL,0
179,0,69,0,NULL,0
30,10,229,20,NULL,0
243,20,138,0,NULL,0
1,0,140,0,NULL,NULL
270,0,5463,0,NULL,0
169,0,104,0,NULL,0
118,50,129,50,NULL,0
228,0,84,0,NULL,0
292,0,194,0,NULL,0
179,0,229,0,NULL,0
30,0,134,0,NULL,1
2196,0,100,0,NULL,0
169,0,104,0,NULL,0
228,0,194,0,NULL,0
5463,0,5443,0,NULL,0
209,0,30,0,NULL,0
310,0,203,0,NULL,0
134,0,279,0,NULL,0
310,0,228,0,NULL,0
228,0,NULL,0,NULL,0
292,0,194,0,NULL,0
0,0,381,0,NULL,0
118,50,86,50,NULL,0
67,0,351,50,NULL,0
279,0,30,0,NULL,0
211,0,282,0,NULL,0
2196,0,100,0,NULL,0
30,0,134,0,NULL,1
44,0,30,0,NULL,0
2139,50,97,0,NULL,0
160,0,310,0,NULL,0
228,0,194,0,NULL,NULL
229,0,138,0,NULL,0
2196,0,100,0,NULL,0
5993,30,5905,30,"2012-06-16",4
279,0,69,0,NULL,0
212,0,24,0,NULL,0
228,0,7729,20,NULL,0
2196,0,100,0,NULL,0
134,0,97,0,NULL,0
2196,0,100,0,NULL,0
134,0,24,0,NULL,NULL
NULL,0,5463,0,NULL,0
0,0,381,0,NULL,0
229,0,169,0,NULL,1
5905,30,5993,30,"2012-06-16",4
134,0,24,0,NULL,0
118,50,67,50,NULL,0
67,0,351,50,NULL,0
2196,0,100,0,NULL,0
NULL,0,228,0,NULL,0
0,0,381,0,NULL,0
310,0,279,0,NULL,0
58,0,113,0,NULL,0
45,0,30,0,NULL,0
131,0,30,0,NULL,0
2139,50,97,0,NULL,0
292,0,194,0,NULL,0
228,0,194,0,NULL,0
209,0,30,0,NULL,0
179,0,69,0,NULL,0
2196,0,100,0,NULL,0
254,0,246,0,NULL,0
310,0,97,0,NULL,0
134,0,24,0,NULL,0
11,0,54,0,NULL,0
118,50,67,50,NULL,0
131,0,30,0,NULL,NULL
2196,0,100,0,NULL,0
131,0,30,0,NULL,0
297,0,353,0,NULL,1
279,0,134,0,NULL,0
228,0,NULL,0,NULL,0
228,0,24,0,NULL,0
22,0,351,0,NULL,0
131,0,30,0,NULL,0
69,0,131,0,"2012-05-31",0
5436,0,246,0,NULL,0
2139,50,97,0,NULL,0
209,0,30,0,NULL,0
134,0,228,0,NULL,0
140,50,25,50,NULL,0
131,0,30,0,NULL,0
228,0,194,0,NULL,0
282,0,30,0,NULL,0
2196,0,100,0,NULL,0
246,0,6036,0,NULL,2
3112,0,134,0,"2012-06-25",0
228,0,110,0,NULL,0
229,0,138,0,NULL,0
131,0,30,0,NULL,0
178,20,30,20,NULL,0
5463,0,228,0,NULL,0
228,0,NULL,0,NULL,0
263,0,84,0,NULL,0
228,0,5436,0,NULL,0
243,20,138,0,NULL,0
30,0,97,0,NULL,0
134,0,97,0,NULL,0
211,0,282,0,NULL,0
209,0,30,0,NULL,0
5463,0,246,0,NULL,0
310,0,213,0,NULL,0
2196,0,100,0,NULL,0
310,0,213,0,NULL,0
67,0,351,50,NULL,0
179,0,69,0,NULL,0
30,0,97,0,NULL,0
2196,0,100,0,NULL,0
118,50,73,50,NULL,0
2196,0,100,0,NULL,0
134,0,6815,0,NULL,0
2196,0,100,0,NULL,0
292,0,194,0,NULL,0
134,0,30,0,NULL,0
209,0,30,0,NULL,0
2196,0,100,0,NULL,0
292,0,194,0,NULL,0
310,0,228,0,NULL,0
97,0,170,0,NULL,0
0,0,381,0,NULL,0
69,0,131,0,"2012-05-31",0
5479,0,7858,0,NULL,0
2196,0,100,0,NULL,0
5463,0,246,0,NULL,0
351,0,134,0,NULL,0
131,0,30,0,NULL,0
292,0,194,0,NULL,0
1,0,69,0,NULL,0
2196,0,100,0,NULL,0
118,50,67,50,NULL,0
134,0,30,0,NULL,0
5436,0,246,0,NULL,0
8462,30,8783,50,NULL,0
14,0,30,0,NULL,0
134,0,97,0,NULL,0
3112,0,134,0,"2012-06-25",0
NULL,0,228,0,NULL,0
292,0,194,0,NULL,0
228,50,53,0,NULL,0
30,0,134,0,NULL,1
228,0,134,0,NULL,0
228,0,NULL,0,NULL,0
228,0,110,0,NULL,0
7775,10,228,0,NULL,0
NULL,0,228,0,NULL,0
5436,0,246,0,NULL,0
292,0,194,0,NULL,0
14,0,310,0,NULL,0
310,0,97,0,NULL,0
212,0,4,40,NULL,0
97,10,138,10,NULL,0
67,20,134,50,NULL,0
212,0,4,20,NULL,0
2139,50,97,0,NULL,0
212,0,4,0,NULL,0
134,0,24,0,NULL,0
224,20,30,20,NULL,0
67,20,134,40,NULL,0
118,50,36,50,NULL,0
5479,0,7858,0,NULL,0
5905,20,5993,20,"2012-06-16",4
NULL,0,228,0,NULL,0
97,0,NULL,0,NULL,0
310,0,228,0,NULL,0
228,0,194,0,NULL,0
69,0,179,0,NULL,0
229,0,138,0,NULL,0
30,0,134,0,NULL,1
229,0,169,0,NULL,1
140,50,25,50,NULL,0
263,0,84,0,NULL,0
30,0,246,0,NULL,0
315,0,179,0,NULL,0
97,10,138,10,NULL,0
30,0,134,0,NULL,1
2141,10,58,50,NULL,0
0,0,381,0,NULL,0
134,0,209,0,NULL,0
140,50,25,50,NULL,0
134,0,228,0,NULL,0
194,0,30,0,NULL,0
203,0,43,0,NULL,0
118,50,73,50,NULL,0
0,0,381,0,NULL,0
142,0,95,0,NULL,0
6696,0,228,0,NULL,0
228,0,NULL,0,NULL,0
73,0,97,0,NULL,0
30,0,252,0,NULL,0
134,0,147,0,NULL,0
315,0,179,0,NULL,0
203,0,43,0,NULL,0
97,10,138,10,NULL,0
310,0,228,0,NULL,0
173,40,170,50,NULL,1
138,0,7768,0,NULL,0
175,0,30,0,NULL,0
228,0,347,0,NULL,1
118,50,70,50,NULL,0
279,0,30,0,NULL,0
142,0,95,0,NULL,0
2196,0,315,0,NULL,2
30,0,246,0,NULL,0
0,0,381,0,NULL,0
67,40,134,20,NULL,0
228,50,53,0,NULL,0
179,0,18,50,NULL,0
203,0,346,0,NULL,0
97,0,152,0,NULL,0
3112,0,134,0,"2012-06-25",0
203,10,346,10,NULL,0
3105,30,60,40,NULL,0
67,20,134,20,NULL,0
315,0,179,0,NULL,0
381,0,NULL,0,NULL,0
138,0,44,0,NULL,0
6678,0,228,0,NULL,0
118,50,349,50,NULL,0
194,0,30,0,NULL,0
142,0,95,0,NULL,0
134,0,279,0,NULL,0
351,0,134,0,NULL,0
228,0,110,0,NULL,0
203,10,346,10,NULL,0
97,10,138,10,NULL,0
67,0,134,0,NULL,0
381,0,NULL,0,NULL,0
134,0,30,0,NULL,0
5463,0,228,0,"2012-06-14",1
297,0,353,0,NULL,4
97,0,152,0,NULL,0
178,20,30,20,NULL,0
134,0,93,0,NULL,0
315,0,2196,0,NULL,1
134,0,30,0,NULL,0
22,0,138,40,NULL,0
228,0,NULL,0,NULL,0
5463,0,228,0,"2012-06-14",1
224,0,138,0,"2012-06-30",1
219,20,314,40,NULL,0
194,0,30,0,NULL,0
134,0,43,0,NULL,0
228,0,30,0,NULL,0
134,0,30,0,NULL,0
134,0,30,0,NULL,0
30,0,252,0,NULL,0
22,0,138,40,NULL,0
370,0,95,0,NULL,0
5463,0,228,0,"2012-06-14",1
310,0,100,0,NULL,0
203,10,346,10,NULL,0
134,0,279,0,NULL,0
30,0,246,0,NULL,0
118,50,62,50,NULL,0
6579,0,228,0,NULL,0
194,0,30,0,NULL,0
179,0,229,0,NULL,0
219,40,314,20,NULL,0
5463,0,228,0,"2012-06-14",1
310,0,228,0,NULL,0
228,0,181,0,NULL,0
175,0,30,0,NULL,0
175,0,134,0,NULL,0
203,0,346,0,NULL,0
279,0,53,0,NULL,0
30,10,224,20,NULL,0
134,0,93,0,NULL,0
301,50,163,50,NULL,0
246,0,152,0,NULL,0
14,0,310,0,NULL,0
270,0,228,0,NULL,0
30,0,69,0,NULL,0
30,0,246,0,NULL,0
97,10,138,10,NULL,0
270,0,228,0,NULL,0
2141,10,58,50,NULL,0
228,0,NULL,0,NULL,0
134,0,43,0,NULL,0
30,0,69,0,NULL,0
5463,0,228,0,"2012-06-14",1
14,0,30,0,NULL,0
134,20,200,0,NULL,1
310,0,100,0,NULL,0
194,0,353,0,NULL,0
30,0,69,0,NULL,0
203,0,43,0,NULL,0
14,0,8536,50,NULL,1
69,0,179,0,NULL,0
97,10,138,10,NULL,0
2196,0,100,0,NULL,0
134,0,43,0,NULL,0
5453,20,69,0,NULL,0
69,0,97,0,"2012-06-10",0
30,0,69,0,NULL,0
381,0,NULL,0,NULL,0
169,10,73,20,NULL,0
212,0,310,0,NULL,0
166,30,7753,30,NULL,1
77,40,30,0,NULL,0
169,0,67,0,"2012-06-13",0
30,0,246,0,NULL,0
30,0,69,0,NULL,0
97,0,310,0,NULL,3
228,0,30,0,NULL,0
134,0,43,0,NULL,0
3107,50,7749,50,NULL,0
169,10,73,20,NULL,0
317,0,292,0,NULL,0
30,0,69,0,NULL,0
97,0,246,0,NULL,0
310,10,30,20,NULL,0
134,20,200,0,NULL,1
97,10,138,10,NULL,0
134,20,344,50,NULL,0
228,0,84,0,NULL,0
14,0,310,0,NULL,0
169,0,67,0,"2012-06-13",0
18,50,179,0,NULL,0
224,0,138,0,"2012-06-30",1
97,0,310,0,NULL,3
134,0,43,0,NULL,0
314,40,219,20,NULL,0
228,0,30,0,NULL,0
2196,0,100,0,NULL,0
310,0,228,0,NULL,0
5463,0,228,0,"2012-06-14",1
30,0,69,0,NULL,0
169,0,67,0,"2012-06-13",0
310,0,228,0,NULL,0
30,0,134,0,NULL,0
5463,0,228,0,"2012-06-14",1
315,0,100,0,NULL,0
30,0,246,0,NULL,0
339,0,252,0,NULL,NULL
203,0,30,0,NULL,0
97,0,310,0,NULL,3
228,0,246,0,NULL,0
69,0,131,0,"2012-05-31",0
7762,0,120,0,NULL,0
175,0,43,0,NULL,0
228,0,30,0,NULL,0
134,0,43,0,NULL,0
67,0,30,0,NULL,0
228,50,53,0,NULL,0
138,0,170,0,NULL,0
228,0,310,0,NULL,0
212,30,100,0,NULL,0
30,0,134,0,NULL,0
169,0,315,0,NULL,0
7762,0,120,0,NULL,0
179,0,100,0,NULL,0
97,0,69,0,NULL,0
134,0,43,0,NULL,0
169,0,67,0,"2012-06-13",0
140,50,25,50,NULL,0
30,0,134,0,NULL,0
69,0,131,0,"2012-05-31",0
175,0,30,0,NULL,0
228,0,310,0,NULL,0
228,0,30,0,NULL,0
381,0,NULL,0,NULL,NULL
228,0,NULL,0,NULL,0
43,0,140,0,NULL,0
179,0,120,0,NULL,0
310,0,30,0,NULL,0
134,20,200,0,NULL,1
270,0,246,0,"2012-05-31",0
44,0,30,0,NULL,0
5463,0,228,0,"2012-06-14",1
30,0,134,0,NULL,0
181,0,169,0,NULL,0
5463,0,228,0,"2012-06-14",1
30,0,138,0,NULL,0
97,10,138,10,NULL,0
279,0,134,0,NULL,0
14,0,310,0,NULL,0
228,0,NULL,0,NULL,0
228,50,53,0,NULL,0
228,0,30,0,NULL,0
30,0,2139,50,NULL,0
279,0,134,0,NULL,0
121,0,293,0,NULL,0
134,0,43,0,NULL,0
270,0,246,0,"2012-05-31",0
2196,0,310,0,NULL,0
310,0,270,0,NULL,NULL
97,0,73,0,NULL,0
254,0,228,0,NULL,0
30,0,134,0,NULL,0
228,50,53,50,NULL,0
296,50,30,0,NULL,0
69,0,131,0,"2012-05-31",0
97,0,69,0,NULL,0
194,0,30,0,NULL,0
69,0,110,0,NULL,0
224,0,138,0,"2012-06-29",0
6696,0,6513,0,NULL,1
257,0,270,0,NULL,NULL
97,10,138,10,NULL,0
2141,10,58,50,NULL,0
53,0,84,20,NULL,0
194,0,30,0,NULL,0
134,0,30,0,NULL,0
246,50,72,10,NULL,4
140,50,25,50,NULL,0
14,0,310,0,NULL,0
134,0,43,0,NULL,0
134,0,30,0,NULL,0
22,0,179,0,NULL,1
310,0,30,0,NULL,0
170,0,134,0,NULL,0
169,0,97,0,NULL,0
30,0,246,0,NULL,0
73,50,228,0,NULL,0
134,0,30,0,NULL,0
279,10,1,50,NULL,NULL
2174,0,97,0,NULL,0
7762,0,120,0,NULL,0
97,0,310,0,NULL,3
138,0,44,0,NULL,0
228,0,55,0,NULL,0
69,0,110,0,NULL,0
228,0,NULL,0,NULL,0
134,0,43,0,NULL,0
228,20,142,20,NULL,1
134,0,3112,0,"2012-06-22",0
1,0,NULL,0,NULL,0
246,50,72,50,NULL,0
194,0,30,0,NULL,0
53,0,84,20,NULL,0
1,0,NULL,0,NULL,0
22,0,179,0,NULL,1
310,0,30,0,NULL,0
297,0,NULL,0,NULL,4
224,0,138,0,"2012-06-29",0
212,0,134,0,NULL,0
14,0,310,0,NULL,0
30,0,212,0,NULL,0
212,0,134,0,NULL,0
228,0,30,0,NULL,0
194,50,179,0,NULL,0
33,0,138,0,NULL,0
246,0,5463,0,NULL,0
228,0,84,0,NULL,0
73,10,30,0,NULL,0
14,0,310,0,NULL,0
2141,10,58,50,NULL,0
228,0,30,0,NULL,0
30,0,163,0,NULL,0
269,0,297,0,NULL,0
246,0,5463,0,NULL,0
2141,50,97,0,NULL,0
181,0,100,0,NULL,0
228,0,5440,0,NULL,0
67,0,6036,0,NULL,0
73,50,8835,0,NULL,0
212,0,134,0,NULL,0
84,0,120,0,NULL,0
44,0,30,0,NULL,0
279,0,134,0,"2012-06-27",0
30,0,282,0,NULL,0
69,50,179,0,NULL,0
212,0,134,0,NULL,0
228,0,5440,0,NULL,0
179,0,229,0,NULL,0
69,0,179,0,NULL,0
228,0,NULL,0,NULL,0
138,0,175,0,NULL,0
138,0,44,0,NULL,0
178,0,206,0,NULL,0
100,0,37,0,NULL,0
30,0,69,0,NULL,0
212,0,134,0,NULL,0
30,0,212,0,NULL,0
163,50,179,0,NULL,4
NULL,0,NULL,0,NULL,0
228,20,142,20,NULL,1
118,50,62,50,NULL,0
270,0,228,0,NULL,0
228,0,310,0,NULL,0
14,0,310,0,NULL,0
134,0,43,0,NULL,0
224,0,138,0,"2012-06-29",0
30,0,69,0,NULL,0
351,0,30,0,NULL,0
194,0,30,0,NULL,0
30,0,69,0,NULL,0
58,20,100,20,NULL,0
100,0,169,0,NULL,0
14,0,310,0,NULL,0
279,0,53,0,NULL,0
5436,0,5463,0,NULL,0
228,50,53,50,NULL,0
179,0,169,0,NULL,0
268,0,228,0,NULL,0
228,0,310,0,NULL,0
138,0,113,0,NULL,0
30,0,142,0,NULL,0
69,0,110,0,NULL,0
179,0,169,0,NULL,0
297,0,NULL,0,NULL,4
30,0,310,0,NULL,0
14,0,310,0,NULL,0
118,50,73,50,NULL,1
110,30,8322,20,"2012-06-17",0
218,0,228,0,NULL,0
30,0,69,0,NULL,0
53,0,246,0,NULL,0
200,20,134,0,NULL,1
212,0,282,0,NULL,0
339,0,228,0,NULL,1
30,0,142,0,NULL,0
228,0,NULL,0,NULL,0
53,0,246,0,NULL,0
212,0,134,0,NULL,0
6036,0,282,0,NULL,0
134,10,379,40,NULL,0
110,30,8322,20,"2012-06-24",0
134,0,279,0,"2012-06-26",0
228,50,53,50,NULL,0
138,0,213,0,NULL,0
218,0,228,0,NULL,0
138,0,6852,0,NULL,0
200,20,134,0,NULL,1
163,50,179,0,NULL,4
179,0,229,0,NULL,0
30,0,142,0,NULL,0
194,0,209,0,NULL,0
138,0,6852,0,NULL,0
134,50,170,0,NULL,1
120,50,86,50,NULL,0
69,0,131,0,NULL,0
48,50,228,50,NULL,0
120,0,179,0,NULL,0
228,0,30,0,NULL,0
30,0,142,0,NULL,0
8322,30,110,20,"2012-06-22",0
194,0,209,0,NULL,0
69,0,179,0,NULL,0
120,0,179,0,NULL,0
8462,0,351,0,NULL,0
138,0,113,0,NULL,0
69,0,3115,50,NULL,0
142,0,212,0,NULL,0
8462,0,313,0,NULL,4
194,0,30,0,NULL,0
228,0,310,0,NULL,0
163,50,179,0,NULL,4
203,0,170,0,NULL,1
175,0,346,50,NULL,2
270,50,200,50,NULL,0
120,0,179,0,NULL,0
228,0,8394,0,NULL,NULL
30,0,229,0,NULL,0
179,0,134,0,NULL,0
58,20,100,20,NULL,0
5436,0,5463,0,NULL,0
228,0,179,0,NULL,0
218,0,228,0,NULL,0
179,0,169,0,NULL,0
120,0,179,0,NULL,0
194,0,30,0,NULL,0
30,40,170,50,NULL,0
270,50,200,50,NULL,0
8470,0,310,0,NULL,0
293,0,121,0,NULL,0
14,0,310,0,NULL,0
2196,0,228,0,NULL,0
134,0,279,0,"2012-06-26",0
120,0,179,0,NULL,0
73,0,97,0,NULL,0
67,0,351,50,NULL,0
179,0,134,0,NULL,0
179,0,299,0,NULL,1
7015,0,134,0,NULL,0
228,0,69,0,NULL,0
310,0,228,0,NULL,0
138,0,6852,0,NULL,0
30,0,194,0,NULL,0
30,50,179,50,NULL,0
228,0,69,0,NULL,0
73,50,8835,0,NULL,0
179,0,134,0,NULL,0
30,0,138,0,NULL,0
228,0,5463,0,NULL,0
228,0,5440,0,NULL,0
30,0,134,0,NULL,1
209,0,30,0,NULL,0
37,0,100,0,NULL,0
69,0,253,0,NULL,0
228,0,NULL,0,NULL,0
97,0,246,0,NULL,0
200,20,134,0,NULL,1
69,0,3115,50,NULL,0
120,0,179,0,NULL,0
228,0,179,0,NULL,0
310,0,228,0,NULL,0
179,0,134,0,NULL,0
5463,0,228,0,"2012-06-14",1
69,0,134,0,NULL,0
310,0,228,0,NULL,0
7713,10,317,10,NULL,0
228,0,NULL,0,NULL,0
179,0,169,0,NULL,0
209,0,30,0,NULL,0
138,0,6852,0,NULL,0
30,0,194,0,NULL,0
179,0,134,0,NULL,0
279,10,97,30,NULL,0
30,0,134,0,NULL,1
163,50,179,0,NULL,4
228,0,NULL,0,NULL,0
134,0,43,0,NULL,0
69,0,179,0,NULL,0
179,0,299,0,NULL,0
69,0,3115,50,NULL,0
5436,0,5463,0,NULL,0
310,0,228,0,NULL,0
163,50,179,0,NULL,4
7713,10,NULL,10,NULL,0
229,0,313,0,NULL,0
301,50,163,50,NULL,0
100,0,169,0,NULL,0
30,0,228,0,NULL,0
179,0,169,0,NULL,0
84,0,16,0,NULL,0
194,0,30,0,NULL,0
209,0,30,0,NULL,0
30,50,179,50,NULL,0
228,0,NULL,0,NULL,0
346,30,30,0,NULL,0
30,0,134,0,NULL,1
179,0,299,0,NULL,0
228,0,30,0,NULL,0
194,50,179,0,NULL,0
58,0,179,0,NULL,0
78,50,20,50,"2012-05-31",4
179,0,338,0,NULL,0
351,0,8462,0,NULL,0
30,0,279,0,NULL,0
228,0,84,0,NULL,0
30,0,130,30,NULL,0
163,50,179,0,NULL,4
30,0,140,0,NULL,0
30,0,134,0,NULL,1
53,0,246,0,NULL,0
120,0,213,0,NULL,0
213,50,170,0,NULL,0
30,0,228,0,NULL,0
37,0,100,0,NULL,0
30,0,194,0,NULL,0
67,0,134,0,"2012-06-21",0
8322,30,110,20,"2012-06-22",0
209,0,30,0,NULL,0
330,0,113,0,NULL,0
30,0,134,0,NULL,1
209,0,30,0,NULL,0
78,0,20,0,"2012-05-31",4
30,0,279,50,NULL,1
53,0,30,0,NULL,0
134,0,43,0,NULL,0
5463,0,228,0,"2012-06-14",1
53,0,246,0,NULL,0
345,20,170,0,NULL,0
330,0,113,0,NULL,0
6979,0,7061,0,NULL,0
30,0,140,0,NULL,0
78,0,20,0,"2012-05-31",0
310,0,188,0,NULL,0
30,50,179,50,NULL,0
330,50,86,50,NULL,0
113,0,69,0,NULL,0
97,0,246,0,NULL,0
228,0,179,0,NULL,0
301,40,8495,0,NULL,NULL
32,0,134,0,NULL,0
30,0,117,0,NULL,0
228,0,NULL,0,NULL,0
44,0,30,0,NULL,0
30,0,229,0,NULL,0
228,0,179,0,NULL,0
5463,0,228,0,"2012-06-14",1
134,0,228,0,NULL,0
30,10,224,20,NULL,0
330,0,113,0,NULL,0
270,50,200,50,NULL,0
30,0,134,0,NULL,0
53,0,246,0,NULL,0
228,0,73,0,NULL,0
246,50,72,50,NULL,0
228,0,73,0,NULL,0
134,0,43,0,NULL,0
97,0,246,0,NULL,0
228,0,279,0,NULL,0
58,0,179,0,NULL,0
152,0,246,0,NULL,0
30,0,279,0,NULL,0
30,10,224,20,NULL,0
30,0,140,0,NULL,0
78,0,20,0,"2012-05-31",0
209,0,30,0,NULL,0
209,0,30,0,NULL,0
301,10,8495,0,NULL,0
30,0,194,0,NULL,0
310,0,138,0,NULL,0
179,0,169,0,NULL,0
54,0,30,0,NULL,0
30,10,224,20,NULL,0
131,0,30,0,NULL,0
228,0,279,50,NULL,0
30,0,140,0,NULL,0
30,0,134,0,NULL,0
30,0,194,0,NULL,0
30,50,179,50,NULL,0
228,0,NULL,0,NULL,0
24,30,212,0,NULL,2
299,0,179,0,NULL,0
228,0,2196,0,NULL,0
30,0,194,0,NULL,0
179,0,169,0,NULL,0
54,0,30,0,NULL,0
30,0,194,0,NULL,0
310,0,228,0,NULL,0
175,0,30,0,NULL,0
170,0,7749,0,NULL,1
310,0,138,0,NULL,0
131,0,30,0,NULL,0
121,50,194,0,NULL,0
30,0,134,0,NULL,0
160,10,205,20,NULL,0
310,0,228,0,NULL,0
228,0,194,0,NULL,0
5767,50,8423,50,NULL,0
134,0,228,0,NULL,0
134,0,279,0,"2012-06-26",0
97,0,246,0,NULL,0
67,0,69,0,NULL,0
30,0,228,0,NULL,0
30,0,140,0,NULL,0
179,0,134,0,NULL,0
30,0,194,0,NULL,0
351,0,310,0,NULL,0
8322,30,110,20,"2012-06-22",0
140,0,119,0,NULL,0
134,0,43,0,NULL,0
69,10,320,20,NULL,1
179,0,169,0,NULL,2
5469,0,21693,0,"2012-06-30",0
315,0,179,0,NULL,0
5463,0,228,0,"2012-06-14",1
228,0,279,50,NULL,0
134,0,6795,0,NULL,0
120,0,213,50,NULL,0
179,0,169,0,NULL,0
160,10,205,10,NULL,0
209,0,30,0,NULL,0
134,0,279,0,"2012-06-26",0
179,0,134,0,NULL,0
30,0,142,0,NULL,0
179,0,134,0,"2012-06-10",0
53,0,30,0,NULL,0
228,0,NULL,0,NULL,0
228,0,73,0,NULL,0
120,0,380,0,NULL,0
56,0,44,0,NULL,0
228,0,179,0,NULL,0
160,0,279,50,NULL,0
30,0,228,0,NULL,0
100,20,58,20,NULL,0
30,0,194,0,NULL,0
315,0,100,0,NULL,0
228,0,179,0,NULL,0
56,0,44,0,NULL,0
69,0,179,0,NULL,0
100,0,169,0,NULL,0
24,30,212,0,NULL,2
113,0,69,0,NULL,0
121,50,194,0,NULL,0
113,0,69,0,NULL,0
120,0,213,50,NULL,0
53,0,30,0,NULL,0
30,0,194,0,NULL,0
160,0,134,50,NULL,0
37,0,100,0,NULL,0
30,0,194,0,NULL,0
30,0,228,0,NULL,0
310,0,213,0,NULL,0
310,0,97,0,NULL,0
113,0,69,0,NULL,1
30,40,213,50,NULL,0
30,0,117,0,NULL,0
160,0,134,0,NULL,0
194,0,30,0,NULL,0
30,0,9,0,NULL,0
351,0,30,0,NULL,0
228,0,NULL,0,NULL,0
37,30,100,30,NULL,0
228,0,73,0,NULL,0
194,0,30,0,NULL,0
113,0,69,0,NULL,0
310,0,213,0,NULL,0
8462,0,313,0,NULL,4
194,0,30,0,NULL,0
194,0,30,0,NULL,0
228,0,NULL,0,NULL,0
228,0,179,0,NULL,0
134,0,44,0,NULL,3
30,0,140,0,NULL,0
194,0,30,0,NULL,0
194,0,30,0,NULL,0
160,0,138,0,NULL,0
293,0,30,0,NULL,0
317,0,30,0,NULL,0
97,0,2196,0,NULL,0
139,30,254,50,NULL,NULL
30,0,134,0,NULL,0
100,0,169,0,NULL,0
30,0,228,0,NULL,0
336,30,234,40,NULL,3
37,30,100,30,NULL,0
134,0,44,0,NULL,3
194,0,30,0,NULL,0
30,0,228,0,NULL,0
30,0,134,0,NULL,0
228,0,69,0,NULL,0
30,0,7706,40,NULL,0
8191,20,6958,40,NULL,0
228,0,179,0,NULL,0
152,0,246,0,NULL,0
228,0,NULL,0,NULL,0
228,0,73,0,NULL,0
30,0,228,0,NULL,0
152,0,246,0,NULL,0
113,0,69,0,NULL,0
228,0,179,0,NULL,0
37,0,100,30,NULL,0
2196,0,270,0,NULL,0
310,0,213,0,NULL,0
228,0,NULL,0,NULL,0
30,0,134,0,NULL,0
69,50,121,50,NULL,1
194,0,69,0,NULL,0
113,0,69,0,NULL,0
194,0,30,0,NULL,0
152,0,246,0,NULL,0
310,0,228,0,NULL,0
134,0,30,0,NULL,0
315,0,100,0,NULL,0
97,0,6696,0,NULL,0
6958,40,8191,20,NULL,NULL
131,0,30,0,NULL,0
194,0,30,0,NULL,0
366,30,67,0,NULL,1
53,0,30,0,NULL,0
54,0,246,0,NULL,0
194,0,30,0,NULL,0
6958,0,8191,0,NULL,0
152,0,246,0,NULL,0
36,0,NULL,0,NULL,3
351,0,181,0,NULL,0
100,0,169,0,NULL,0
30,0,310,0,NULL,0
8462,0,169,0,NULL,0
228,0,179,0,NULL,0
131,0,30,0,NULL,0
69,0,179,0,NULL,0
30,0,130,30,NULL,0
NULL,0,8191,0,NULL,0
194,0,30,0,NULL,0
228,0,NULL,0,NULL,0
194,0,30,0,NULL,0
8462,0,313,0,NULL,4
194,0,69,0,NULL,0
228,0,179,0,NULL,0
279,0,160,0,"2012-06-10",0
30,0,7706,0,NULL,0
NULL,0,8191,20,NULL,NULL
330,0,113,0,NULL,0
228,0,NULL,0,NULL,0
97,0,194,0,NULL,0
228,0,73,0,NULL,0
100,0,169,0,NULL,0
8322,30,42,20,"2012-06-15",0
194,0,30,0,NULL,0
69,0,1,0,NULL,0
194,0,97,0,NULL,0
69,0,209,0,NULL,0
351,20,36,20,NULL,0
30,0,134,0,NULL,0
131,40,212,0,NULL,0
317,0,30,0,NULL,0
30,0,134,0,NULL,0
7711,0,181,0,NULL,1
NULL,0,8835,0,NULL,0
37,0,100,0,NULL,0
131,0,30,0,NULL,0
330,0,113,0,NULL,0
100,0,169,0,NULL,0
30,0,134,0,NULL,0
194,0,30,0,NULL,0
37,0,100,0,NULL,0
5463,0,228,0,"2012-06-14",1
246,0,278,0,NULL,0
69,0,81,0,NULL,0
30,0,140,0,NULL,0
310,0,213,0,NULL,0
178,0,134,0,NULL,0
30,0,134,0,NULL,0
7711,0,181,0,NULL,0
313,0,97,0,NULL,0
69,50,121,50,NULL,1
228,0,179,0,NULL,0
310,0,228,0,NULL,0
228,0,73,0,NULL,0
8322,20,42,20,"2012-06-15",0
142,0,330,0,NULL,0
179,0,169,0,"2012-06-15",0
282,50,62,50,NULL,4
317,0,30,0,NULL,0
246,0,278,0,NULL,0
134,20,344,50,NULL,0
194,0,30,0,NULL,0
131,0,30,0,NULL,NULL
30,0,175,0,NULL,0
NULL,0,8191,0,NULL,0
134,0,3112,0,"2012-06-22",0
228,0,30,0,NULL,0
310,0,228,0,NULL,0
170,0,310,0,NULL,0
310,0,228,0,NULL,0
313,0,97,0,NULL,0
113,0,170,0,NULL,0
194,0,30,0,NULL,0
179,0,30,0,NULL,0
179,0,30,0,NULL,0
69,50,121,50,NULL,1
131,0,30,0,NULL,0
194,0,53,0,NULL,0
30,0,140,0,NULL,0
58,10,2141,10,NULL,0
207,0,37,50,NULL,0
131,0,212,0,NULL,0
131,0,343,0,NULL,0
299,0,179,0,NULL,0
8322,20,42,20,"2012-06-15",0
7855,0,99,0,NULL,0
120,0,179,0,NULL,0
131,0,212,0,NULL,0
67,0,NULL,0,NULL,0
NULL,0,NULL,0,NULL,0
179,0,30,0,NULL,0
228,0,30,0,NULL,0
30,0,14,0,NULL,0
313,0,97,0,NULL,0
NULL,0,8835,0,NULL,0
NULL,0,2139,0,NULL,4
30,0,140,0,NULL,0
194,0,30,0,NULL,0
8322,20,42,20,"2012-06-15",0
194,0,53,0,NULL,0
NULL,0,2139,0,NULL,4
336,30,234,40,NULL,3
6979,0,7061,0,NULL,0
228,0,5440,0,NULL,0
310,0,30,0,NULL,0
293,0,207,0,NULL,0
228,0,179,0,NULL,0
131,0,69,0,NULL,0
142,0,330,0,NULL,0
299,0,179,0,NULL,0
7855,0,99,0,NULL,0
5463,0,228,0,"2012-06-14",1
NULL,0,NULL,0,NULL,0
179,0,30,0,NULL,0
131,0,30,0,NULL,0
30,0,78,0,NULL,0
228,0,69,0,NULL,0
228,0,2196,0,NULL,0
270,0,2196,0,NULL,0
NULL,0,2139,0,NULL,4
23,20,30,0,NULL,1
293,0,207,0,NULL,0
228,0,30,0,NULL,0
97,10,30,0,NULL,0
7711,0,181,0,NULL,0
228,0,NULL,0,NULL,0
5463,0,228,0,"2012-06-14",1
179,0,100,0,NULL,0
2141,10,58,10,NULL,0
179,0,229,0,NULL,0
317,0,69,0,NULL,0
30,0,160,0,NULL,0
44,0,275,0,NULL,0
194,0,134,0,NULL,0
30,0,228,0,NULL,0
317,0,30,0,NULL,0
142,0,330,0,NULL,0
8443,0,6678,50,NULL,0
194,0,53,0,NULL,0
30,0,351,0,NULL,0
194,0,67,0,NULL,0
7711,0,181,0,NULL,0
194,0,134,0,NULL,0
134,0,30,0,NULL,0
30,50,81,0,NULL,0
6732,0,8443,50,NULL,0
194,0,30,0,NULL,0
5463,0,84,0,"2012-06-20",4
317,0,23,0,NULL,0
310,0,228,0,NULL,0
308,0,30,0,NULL,0
228,0,30,0,NULL,0
30,0,160,0,NULL,0
6732,0,6678,50,NULL,0
203,20,175,0,"2012-05-31",0
99,0,7855,0,NULL,0
152,0,351,0,NULL,0
228,0,179,0,NULL,0
67,0,194,0,NULL,0
5463,0,228,0,"2012-06-14",1
67,0,30,0,NULL,0
8461,0,58,0,NULL,0
194,0,134,0,NULL,0
36,0,138,0,"2012-05-31",0
138,10,246,20,NULL,0
86,20,30,20,NULL,0
2141,10,58,10,NULL,0
134,0,179,0,NULL,0
67,0,30,0,NULL,0
228,0,181,0,"2012-06-15",0
310,0,213,0,NULL,0
228,0,181,0,"2012-06-15",0
30,50,81,0,NULL,0
100,50,NULL,50,NULL,0
228,0,30,0,NULL,0
313,0,179,0,NULL,0
152,0,246,0,NULL,0
203,20,175,0,"2012-05-31",0
134,0,30,0,NULL,0
5463,0,14,0,"2012-06-20",4
228,0,NULL,0,NULL,0
53,0,194,0,"2012-06-23",0
6036,0,5868,10,NULL,0
194,0,134,0,NULL,0
NULL,0,228,0,NULL,2
228,0,179,0,NULL,0
69,0,110,0,NULL,0
53,0,30,0,NULL,0
152,0,246,0,NULL,0
30,0,351,0,NULL,0
179,0,229,0,NULL,0
5463,0,228,0,"2012-06-14",1
313,0,134,50,NULL,0
36,0,138,0,"2012-05-31",0
134,0,30,0,NULL,0
NULL,0,228,0,NULL,2
97,0,67,0,NULL,0
69,0,110,0,NULL,0
213,0,69,0,NULL,0
134,0,69,0,NULL,1
100,50,NULL,50,NULL,0
30,0,97,10,NULL,0
179,0,134,0,"2012-06-10",0
30,0,160,0,NULL,0
279,0,134,0,NULL,0
69,0,110,0,NULL,0
134,0,73,0,NULL,0
2141,10,58,10,NULL,0
7711,0,181,0,NULL,0
67,0,NULL,0,NULL,0
279,0,134,0,NULL,0
6036,0,5988,0,"2012-06-16",1
228,0,NULL,0,NULL,0
178,20,30,20,NULL,0
134,0,179,0,NULL,0
246,0,278,0,NULL,0
228,0,179,0,NULL,0
NULL,0,8835,0,NULL,0
69,0,110,0,NULL,0
6036,0,5988,0,"2012-06-16",1
228,10,310,10,NULL,0
181,0,228,0,"2012-06-17",0
310,0,228,0,NULL,0
142,0,330,0,NULL,0
6639,0,6678,50,NULL,0
134,0,30,0,NULL,0
30,0,379,0,NULL,0
14,0,179,0,NULL,0
273,0,315,0,NULL,0
6639,0,6678,0,NULL,0
56,0,44,0,NULL,0
246,0,278,0,NULL,0
NULL,0,228,0,NULL,2
30,0,228,0,NULL,0
152,0,351,0,NULL,0
6036,0,5988,0,"2012-06-16",0
212,0,194,20,NULL,0
310,0,228,0,NULL,0
NULL,0,8835,0,NULL,0
299,0,179,0,NULL,0
8467,50,170,0,NULL,0
275,50,179,0,NULL,1
134,0,73,0,NULL,0
97,10,138,10,NULL,0
69,0,110,0,NULL,0
NULL,0,228,0,NULL,2
134,0,3112,0,"2012-06-22",0
228,0,179,0,NULL,0
6036,0,5988,0,"2012-06-16",0
275,50,179,0,NULL,1
169,0,330,0,NULL,0
228,0,NULL,0,NULL,0
213,0,138,0,NULL,0
69,0,110,0,NULL,0
212,0,194,0,NULL,0
203,10,134,10,NULL,0
30,50,81,0,NULL,0
86,20,30,20,NULL,0
310,0,228,0,NULL,0
134,0,30,0,NULL,0
43,0,310,0,NULL,0
299,0,179,0,NULL,0
140,50,NULL,50,"2012-05-31",0
NULL,0,228,0,NULL,2
67,0,NULL,0,NULL,0
8467,50,170,0,NULL,0
175,0,146,50,NULL,NULL
6036,0,NULL,0,NULL,NULL
152,0,351,0,NULL,0
97,0,22,0,NULL,0
69,0,110,0,NULL,0
6036,0,5988,0,"2012-06-16",0
2141,10,58,10,NULL,0
310,0,228,0,NULL,0
134,0,44,0,NULL,0
268,30,212,30,NULL,0
228,0,NULL,0,NULL,0
14,0,179,0,NULL,0
53,0,30,0,NULL,0
134,0,73,0,NULL,0
246,0,152,0,NULL,0
175,0,134,0,NULL,0
170,0,69,0,NULL,0
170,10,NULL,0,"2012-07-12",4
30,10,229,20,NULL,0
NULL,0,228,0,NULL,2
69,0,110,0,NULL,0
30,0,138,0,NULL,0
310,0,228,0,NULL,0
7762,50,8835,0,NULL,0
37,50,283,50,NULL,3
194,50,73,30,NULL,0
1,0,30,0,"2012-06-10",1
140,0,138,0,NULL,0
134,0,44,0,NULL,0
152,0,351,0,NULL,0
93,0,134,0,NULL,0
138,0,54,0,NULL,0
86,20,30,20,NULL,0
2196,0,351,0,NULL,0
8461,0,212,0,NULL,0
279,0,30,0,NULL,0
44,50,97,50,NULL,0
97,0,300,50,"2012-06-22",0
69,0,110,0,NULL,0
169,0,310,0,NULL,0
175,0,134,0,NULL,0
97,0,22,0,NULL,0
30,0,1,0,NULL,1
134,0,30,0,NULL,0
349,0,134,0,"2012-06-15",0
279,0,30,0,NULL,0
53,0,194,0,"2012-06-23",0
170,0,194,0,NULL,0
175,0,134,0,NULL,0
134,0,73,0,NULL,0
279,0,69,0,NULL,0
228,0,NULL,0,NULL,0
224,50,377,30,NULL,2
2141,10,58,10,NULL,0
30,0,214,10,NULL,3
44,0,212,0,NULL,0
30,0,160,0,NULL,0
279,0,30,0,NULL,0
175,0,134,0,NULL,0
134,0,30,0,NULL,0
247,50,252,50,"2012-06-10",0
69,0,110,0,NULL,0
211,0,11,0,NULL,0
170,0,194,0,NULL,0
140,0,138,0,NULL,0
8461,0,212,0,NULL,0
NULL,0,351,0,NULL,0
97,0,300,50,"2012-06-22",0
44,0,30,0,NULL,0
56,0,44,0,NULL,0
170,0,30,0,NULL,0
228,0,NULL,0,NULL,0
310,0,2139,0,"2012-06-11",0
138,0,140,0,NULL,0
44,0,212,0,NULL,0
134,0,44,0,NULL,0
54,0,138,0,NULL,0
224,50,377,50,NULL,2
69,0,110,0,NULL,0
212,0,131,0,NULL,0
140,0,138,0,NULL,0
93,0,134,0,NULL,0
134,0,3112,0,"2012-06-22",0
121,0,293,0,NULL,0
310,0,2139,0,"2012-06-11",0
67,0,6036,0,NULL,0
53,0,30,0,NULL,0
279,0,30,0,NULL,0
228,0,NULL,0,NULL,0
55,0,228,0,"2012-06-10",0
69,0,110,0,NULL,0
310,0,97,0,"2012-05-31",0
140,50,NULL,50,"2012-05-31",0
134,0,44,0,NULL,0
313,0,179,0,NULL,0
152,0,351,0,NULL,0
30,10,229,20,NULL,0
140,0,138,0,NULL,0
175,0,146,50,NULL,NULL
30,0,214,10,NULL,3
169,0,228,0,NULL,0
NULL,0,351,0,NULL,0
NULL,50,377,50,NULL,2
131,0,69,0,NULL,0
313,0,179,0,NULL,0
330,40,1,0,NULL,0
310,0,97,0,"2012-05-31",0
3112,0,134,0,NULL,0
55,0,228,0,"2012-06-10",0
5453,0,270,0,NULL,0
228,0,NULL,0,NULL,0
140,0,138,0,NULL,0
194,50,198,50,NULL,1
14,0,5463,0,"2012-06-15",4
170,0,134,0,NULL,0
44,0,56,0,NULL,0
181,0,228,0,"2012-06-17",0
2196,0,351,0,NULL,1
37,50,283,50,NULL,3
53,0,194,0,"2012-06-23",0
212,0,44,0,NULL,0
194,50,198,50,NULL,1
279,0,30,0,NULL,0
2196,0,351,0,NULL,1
5988,0,6036,0,"2012-06-16",0
100,0,228,0,NULL,0
67,0,6036,0,NULL,0
30,0,229,0,NULL,0
212,0,44,0,NULL,0
69,0,246,0,NULL,0
279,0,30,0,NULL,0
228,0,NULL,0,NULL,0
2196,0,351,0,NULL,1
93,0,134,0,NULL,0
140,0,138,0,NULL,0
97,0,300,50,"2012-06-22",0
44,0,30,0,NULL,0
37,0,283,0,NULL,3
134,0,229,0,"2012-06-29",4
30,0,252,0,NULL,0
55,0,228,0,"2012-06-10",0
228,0,NULL,0,NULL,0
67,0,6036,0,NULL,0
212,0,44,0,NULL,0
53,0,30,0,NULL,0
7768,0,131,0,NULL,4
30,0,212,0,NULL,0
212,0,134,0,NULL,0
212,0,8461,0,NULL,0
131,0,343,0,NULL,0
203,10,134,10,NULL,0
37,0,283,0,NULL,2
252,0,97,50,NULL,0
30,0,100,0,NULL,2
30,10,229,20,NULL,0
69,0,110,0,NULL,0
93,0,134,0,NULL,0
24,50,67,50,NULL,1
37,0,283,0,NULL,1
69,0,7705,0,"2012-06-10",0
228,0,282,0,NULL,1
198,0,194,0,NULL,0
228,0,NULL,0,NULL,0
30,50,73,30,NULL,0
93,0,134,0,NULL,0
179,0,134,0,NULL,0
2141,10,58,10,NULL,0
30,50,73,30,NULL,0
14,0,5463,0,"2012-06-15",4
166,0,179,0,NULL,0
55,0,228,0,"2012-06-10",0
37,0,283,0,NULL,0
99,0,110,0,NULL,0
30,0,252,0,NULL,0
292,0,69,0,NULL,0
275,50,179,0,NULL,0
30,0,228,0,NULL,0
228,0,179,0,NULL,0
30,0,212,0,NULL,0
310,0,211,0,NULL,0
179,0,69,0,NULL,0
228,0,NULL,0,NULL,0
7762,50,8835,0,NULL,0
228,0,6696,0,NULL,0
313,0,179,0,NULL,0
30,20,109,30,NULL,0
292,0,69,0,NULL,0
99,0,7855,0,NULL,0
152,0,292,0,NULL,0
179,0,253,0,"2012-06-10",0
310,0,211,0,NULL,0
134,0,30,0,NULL,0
58,50,100,50,"2012-05-31",0
30,20,270,20,NULL,0
6036,0,86,0,NULL,0
179,0,134,0,NULL,0
69,30,30,0,"2012-05-31",1
194,0,97,0,NULL,0
243,20,138,0,NULL,0
30,0,212,0,NULL,0
30,10,229,20,NULL,0
134,0,179,0,NULL,0
212,0,44,0,NULL,0
292,0,69,0,NULL,0
6513,10,6486,10,NULL,0
30,20,109,30,NULL,0
179,0,134,0,NULL,0
134,0,229,0,"2012-06-29",4
37,0,228,0,NULL,0
2141,10,58,10,NULL,0
5436,0,270,0,NULL,0
30,0,252,0,NULL,0
310,0,228,0,NULL,0
5436,0,5463,0,NULL,0
179,0,120,0,NULL,0
228,0,NULL,0,NULL,0
194,0,97,0,NULL,0
134,0,30,0,NULL,0
30,20,109,30,NULL,0
69,0,7705,0,"2012-06-10",0
97,0,300,50,"2012-06-22",0
134,0,179,0,NULL,0
169,0,381,0,NULL,0
179,0,253,0,"2012-06-10",0
179,0,134,0,NULL,0
243,20,138,0,NULL,0
5436,0,5463,0,NULL,0
2141,10,58,10,NULL,0
30,0,252,0,NULL,0
228,0,NULL,0,NULL,0
69,30,30,0,"2012-05-31",1
58,50,100,50,"2012-05-31",0
6036,0,179,0,NULL,0
194,0,69,0,NULL,0
30,40,213,50,NULL,0
310,0,211,0,NULL,0
30,0,279,0,NULL,0
30,20,109,30,NULL,0
228,0,NULL,0,NULL,0
212,0,44,0,NULL,0
134,0,30,0,NULL,0
179,0,253,0,"2012-06-10",0
30,20,109,30,NULL,0
134,0,229,0,"2012-06-29",4
170,0,134,0,NULL,0
251,0,310,0,NULL,0
134,0,30,0,NULL,0
69,0,194,0,NULL,0
134,0,30,0,NULL,0
121,0,30,0,NULL,0
3075,0,NULL,0,NULL,0
121,0,134,0,NULL,0
228,0,53,0,NULL,0
5463,0,228,0,"2012-06-14",1
134,0,3112,0,"2012-06-22",0
55,0,228,0,"2012-06-10",0
6036,0,73,0,NULL,0
310,0,140,0,NULL,0
194,0,69,0,NULL,0
170,0,310,0,NULL,0
228,0,100,20,NULL,0
228,30,338,30,NULL,0
310,0,228,0,NULL,0
3075,0,NULL,0,NULL,0
30,0,252,0,NULL,0
30,0,310,0,NULL,0
134,20,344,50,NULL,0
2196,0,351,0,NULL,1
69,30,30,0,"2012-05-31",1
30,0,212,0,NULL,0
228,0,179,0,NULL,0
203,10,134,10,NULL,0
251,0,310,0,NULL,0
317,0,228,0,NULL,0
179,0,253,0,"2012-06-10",0
30,20,270,20,NULL,0
134,0,30,0,NULL,0
69,50,251,50,NULL,0
69,0,194,0,NULL,0
113,0,179,0,NULL,0
1,0,30,0,"2012-06-10",1
175,0,134,0,NULL,0
NULL,0,8454,0,NULL,0
3075,0,NULL,0,NULL,0
2196,0,310,0,NULL,0
183,50,228,50,NULL,0
69,0,194,0,NULL,0
170,0,310,0,NULL,0
3075,50,NULL,50,NULL,0
30,0,252,0,NULL,0
317,0,228,0,NULL,0
131,0,30,0,NULL,0
5988,0,6036,0,"2012-06-16",0
228,0,NULL,0,NULL,0
175,0,134,0,NULL,0
67,0,NULL,0,NULL,0
2196,0,140,0,"2012-06-13",1
179,0,194,0,NULL,2
212,0,8461,0,NULL,0
6486,10,6513,10,NULL,0
134,0,30,0,NULL,0
228,0,53,0,NULL,0
228,0,NULL,0,NULL,0
2196,0,310,0,NULL,0
251,0,310,0,NULL,0
317,0,228,0,NULL,0
6486,10,6513,10,NULL,0
179,0,313,0,NULL,0
121,0,30,0,NULL,0
2196,0,100,0,NULL,0
170,0,134,0,NULL,0
1,0,30,0,"2012-06-10",1
97,20,37,0,NULL,0
203,20,175,0,"2012-05-31",0
69,0,194,0,NULL,0
213,50,134,0,NULL,0
1,0,30,0,NULL,1
30,0,194,0,NULL,0
67,0,NULL,0,NULL,0
100,0,317,0,"2012-05-31",0
138,0,228,0,NULL,0
228,0,213,0,NULL,0
228,0,NULL,0,NULL,0
97,20,37,0,NULL,0
5767,20,5704,40,NULL,0
30,0,84,0,NULL,0
134,0,179,0,NULL,0
30,0,252,0,NULL,0
30,0,84,0,NULL,0
69,0,194,0,NULL,0
175,0,134,0,NULL,0
97,20,37,0,NULL,0
251,0,310,0,NULL,0
279,0,30,0,NULL,0
43,0,170,0,NULL,0
67,0,NULL,0,NULL,0
203,20,175,0,"2012-05-31",0
134,0,229,0,"2012-06-29",4
279,0,30,0,NULL,0
134,0,179,0,NULL,0
97,20,37,0,NULL,0
2196,0,310,0,NULL,0
160,0,13,0,NULL,0
30,0,84,0,NULL,0
67,0,NULL,0,NULL,0
228,0,NULL,0,NULL,0
181,0,228,0,"2012-06-17",0
NULL,0,8454,0,NULL,0
100,0,317,0,"2012-05-31",0
43,0,170,0,NULL,0
5988,0,6036,0,"2012-06-16",0
97,20,37,0,NULL,0
134,0,179,0,NULL,0
69,30,30,0,"2012-05-31",1
67,0,NULL,0,NULL,0
100,0,317,0,"2012-05-31",0
69,0,2196,40,NULL,0
67,0,NULL,0,NULL,0
140,0,138,0,NULL,0
194,0,30,0,NULL,0
134,0,30,0,NULL,0
67,0,NULL,0,NULL,0
134,0,44,0,NULL,0
134,0,138,0,NULL,0
24,20,212,0,NULL,2
30,0,228,0,NULL,0
43,0,170,0,NULL,0
211,30,1,30,NULL,0
134,0,229,0,"2012-06-29",4
134,0,30,0,NULL,0
69,30,30,0,"2012-05-31",1
5988,0,6036,0,"2012-06-16",0
97,20,37,0,NULL,0
30,0,163,0,NULL,0
69,0,2196,0,NULL,0
NULL,0,8454,0,NULL,0
67,0,NULL,0,NULL,0
30,0,310,0,"2012-05-31",0
121,0,134,0,NULL,0
349,0,134,0,NULL,0
160,0,137,50,NULL,0
351,0,30,0,NULL,0
134,0,73,0,NULL,0
194,0,30,0,NULL,0
279,0,30,0,NULL,0
67,0,69,0,NULL,0
30,0,134,0,NULL,0
140,0,43,0,NULL,0
97,20,37,0,NULL,0
43,0,170,0,NULL,0
67,0,NULL,0,NULL,0
30,0,134,0,NULL,0
134,0,131,0,NULL,1
30,0,134,0,NULL,0
NULL,0,NULL,0,NULL,0
55,0,228,0,"2012-06-10",0
211,30,163,0,NULL,0
120,0,175,0,NULL,0
NULL,0,8454,0,NULL,0
67,0,NULL,0,NULL,0
211,30,1,30,NULL,0
44,0,56,0,NULL,0
43,0,170,0,NULL,0
279,0,134,0,NULL,0
24,20,212,0,NULL,1
30,0,138,0,NULL,0
166,0,179,0,NULL,0
134,0,310,0,NULL,0
55,0,228,0,"2012-06-10",0
211,30,1,30,NULL,0
30,0,69,0,NULL,0
67,0,NULL,0,NULL,0
36,0,138,0,"2012-05-31",0
134,0,179,0,NULL,0
69,0,1,0,NULL,0
134,20,344,50,NULL,0
6513,10,6486,10,NULL,0
24,20,212,0,NULL,0
30,0,69,0,NULL,0
279,0,134,0,"2012-06-10",0
30,20,270,20,NULL,0
134,0,6795,0,NULL,0
55,0,228,0,"2012-06-10",0
30,0,69,0,NULL,0
228,0,NULL,0,NULL,0
113,0,179,0,NULL,0
24,10,212,0,NULL,0
134,0,138,0,NULL,0
30,0,69,0,NULL,0
67,0,NULL,0,NULL,0
260,30,30,0,"2012-05-31",1
211,30,1,30,NULL,0
35,20,269,20,NULL,0
169,0,228,0,NULL,0
30,0,228,0,NULL,0
134,0,43,0,NULL,0
183,50,228,50,NULL,0
30,0,69,0,NULL,0
310,0,138,10,NULL,4
138,0,30,0,NULL,0
279,0,30,0,"2012-06-10",0
211,30,1,30,NULL,0
310,0,140,0,NULL,0
5988,0,6036,0,"2012-06-16",0
213,0,120,0,NULL,0
69,0,253,0,"2012-06-10",0
134,0,43,0,NULL,0
30,0,252,0,NULL,0
14,0,173,0,NULL,0
260,30,30,0,"2012-05-31",1
366,30,67,0,NULL,1
279,0,30,0,"2012-06-10",0
24,0,212,0,NULL,0
134,0,43,0,NULL,0
263,50,81,0,"2012-05-31",3
30,40,213,50,NULL,0
36,0,138,0,"2012-05-31",0
30,0,81,0,NULL,0
30,0,228,0,NULL,0
194,0,110,0,NULL,0
228,0,5463,0,NULL,0
228,0,NULL,0,NULL,0
140,0,43,0,NULL,0
228,0,NULL,0,NULL,0
292,0,11,0,NULL,0
134,0,3112,0,"2012-06-22",0
173,0,278,0,NULL,0
97,10,138,10,NULL,0
310,0,140,0,NULL,0
212,0,73,0,NULL,0
134,0,179,0,NULL,0
228,0,NULL,0,NULL,0
NULL,0,8454,0,NULL,0
30,10,229,20,NULL,0
30,0,134,0,NULL,0
169,0,228,0,NULL,0
138,0,30,0,NULL,0
58,0,32,0,NULL,0
273,0,140,0,NULL,0
30,0,228,0,NULL,0
35,20,269,20,NULL,0
270,0,69,0,NULL,0
121,0,203,0,NULL,0
263,50,81,0,"2012-05-31",3
30,0,134,0,NULL,0
247,50,252,50,"2012-06-10",0
329,0,246,0,NULL,0
36,0,138,0,"2012-05-31",0
134,0,43,0,NULL,0
121,0,175,0,NULL,0
58,0,32,0,NULL,0
166,0,179,0,NULL,0
30,0,252,0,NULL,0
30,10,229,20,NULL,0
69,0,5613,0,NULL,2
263,50,81,0,"2012-05-31",3
7705,0,69,0,NULL,0
97,0,229,0,NULL,0
NULL,0,NULL,0,"2012-06-11",0
138,0,30,0,NULL,0
30,0,134,0,NULL,0
194,0,30,0,NULL,0
53,20,134,0,NULL,0
30,0,228,0,NULL,0
121,0,175,0,NULL,0
30,0,228,0,NULL,0
270,0,310,0,NULL,0
142,0,212,0,NULL,0
194,0,30,0,NULL,0
273,0,140,0,NULL,0
121,0,203,0,NULL,0
211,0,310,0,NULL,1
35,20,269,20,NULL,0
69,50,322,50,NULL,0
67,50,NULL,0,NULL,1
44,0,30,0,NULL,0
228,0,53,0,NULL,0
30,0,134,0,NULL,0
7705,0,69,0,NULL,0
152,0,292,0,NULL,0
263,50,81,0,"2012-05-31",3
35,20,269,20,NULL,0
NULL,0,8454,0,NULL,0
44,0,30,0,NULL,0
97,20,37,0,NULL,0
5463,0,97,0,"2012-06-10",0
97,0,30,0,"2012-05-30",0
2196,50,69,50,NULL,1
247,50,252,50,"2012-06-10",0
270,0,30,0,NULL,0
44,0,30,0,NULL,0
228,0,256,40,NULL,0
81,0,194,0,NULL,0
44,0,30,0,NULL,0
30,10,229,20,NULL,0
279,50,134,50,NULL,4
270,0,30,0,NULL,0
134,0,97,0,"2012-07-13",0
270,0,310,0,NULL,0
67,50,NULL,0,NULL,1
32,0,58,0,NULL,0
44,0,30,0,NULL,0
30,0,308,0,NULL,0
179,0,5469,0,NULL,0
97,0,36,0,NULL,0
81,0,194,0,NULL,0
138,0,252,0,NULL,0
97,0,30,0,"2012-05-30",0
30,0,308,0,NULL,0
35,20,269,20,NULL,0
179,0,209,0,NULL,0
30,0,138,0,NULL,0
138,0,30,0,NULL,0
44,0,30,0,"2012-05-31",0
NULL,0,8835,0,NULL,0
35,20,269,20,NULL,0
228,0,NULL,0,NULL,0
152,0,292,0,NULL,0
247,50,252,50,"2012-06-10",0
73,0,43,0,NULL,0
228,0,53,0,NULL,0
211,30,1,30,NULL,0
97,0,36,0,NULL,0
138,0,30,0,NULL,0
211,30,1,30,NULL,0
152,0,292,0,NULL,0
30,0,81,0,NULL,0
30,0,308,0,NULL,0
263,50,81,0,"2012-05-31",3
NULL,30,NULL,0,NULL,0
282,0,169,0,NULL,0
263,0,81,0,"2012-05-31",3
30,0,308,0,NULL,0
138,0,30,0,NULL,0
67,50,NULL,0,NULL,1
134,0,32,0,NULL,0
NULL,0,8835,0,NULL,0
NULL,0,8835,0,NULL,0
30,0,32,0,NULL,NULL
35,20,269,20,NULL,0
81,0,194,0,NULL,0
228,0,NULL,0,NULL,0
175,0,163,0,NULL,0
73,0,97,0,NULL,0
30,0,32,0,NULL,NULL
30,0,308,0,NULL,0
30,0,252,0,NULL,0
152,0,292,0,NULL,0
138,0,30,0,NULL,0
97,0,30,0,"2012-05-30",0
67,30,228,30,NULL,0
30,0,308,0,NULL,0
30,0,32,0,NULL,NULL
134,0,32,0,NULL,0
30,0,32,0,NULL,NULL
252,50,69,50,NULL,1
67,30,228,30,NULL,0
228,0,NULL,0,NULL,0
5767,20,5704,40,NULL,0
228,50,351,50,NULL,0
97,0,30,0,NULL,0
30,0,308,0,NULL,0
98,50,120,30,NULL,0
139,30,254,30,NULL,NULL
213,0,138,0,NULL,0
252,50,69,50,NULL,0
252,0,97,50,NULL,0
194,0,67,0,NULL,0
134,0,32,0,NULL,0
86,20,30,20,NULL,0
270,0,30,0,NULL,0
30,0,310,0,NULL,0
140,0,43,0,NULL,0
93,0,134,0,NULL,0
292,0,11,0,"2012-06-01",0
228,0,NULL,0,NULL,0
152,0,292,0,NULL,0
252,0,97,0,NULL,0
2999,50,310,50,NULL,0
73,0,97,0,NULL,0
30,0,73,0,NULL,0
252,50,69,50,NULL,4
134,0,3112,0,"2012-06-22",0
279,0,308,0,NULL,0
30,0,252,0,NULL,0
67,0,NULL,0,NULL,0
30,0,308,0,NULL,0
NULL,30,NULL,0,NULL,0
292,0,11,0,"2012-06-01",0
8664,0,252,0,NULL,0
152,0,351,0,NULL,0
134,0,138,0,NULL,0
3112,0,134,0,NULL,0
93,0,134,0,NULL,0
152,0,292,0,NULL,0
292,0,11,0,"2012-06-01",0
134,0,229,0,"2012-06-29",4
67,0,NULL,0,NULL,0
134,0,32,0,NULL,0
134,0,30,0,NULL,0
292,0,11,0,"2012-06-01",0
252,0,247,50,NULL,0
292,0,11,0,"2012-06-01",0
2196,0,140,0,"2012-06-13",1
134,20,344,50,NULL,0
30,0,121,0,NULL,0
292,0,11,0,NULL,0
67,0,NULL,0,NULL,0
30,0,73,0,NULL,0
97,0,5463,0,NULL,0
139,20,254,30,NULL,NULL
134,0,3112,0,"2012-06-22",0
120,0,351,0,NULL,0
97,0,228,0,NULL,1
30,0,97,0,NULL,0
228,0,NULL,0,NULL,0
138,0,30,0,NULL,0
179,0,30,0,NULL,0
93,0,134,0,NULL,0
97,0,228,0,NULL,1
2196,0,140,0,"2012-06-13",0
30,0,308,0,NULL,0
263,0,81,0,"2012-05-31",3
134,0,73,0,"2012-06-18",0
138,0,30,0,NULL,0
152,0,292,0,NULL,0
138,0,252,0,NULL,0
175,0,163,0,NULL,0
30,0,97,0,NULL,0
120,0,351,0,NULL,0
67,0,NULL,0,NULL,0
1,0,70,0,NULL,0
317,0,NULL,0,NULL,0
179,0,30,0,NULL,0
30,0,121,0,NULL,0
5463,0,97,50,NULL,1
53,0,194,0,NULL,0
30,0,97,0,NULL,0
134,0,30,0,NULL,0
135,0,252,0,NULL,0
228,0,36,30,NULL,2
228,0,43,0,NULL,0
67,0,NULL,0,NULL,0
2196,0,351,0,NULL,0
138,30,380,30,NULL,1
252,50,69,50,NULL,0
69,0,5613,0,NULL,2
120,0,175,0,NULL,0
5436,0,NULL,0,NULL,0
93,0,134,0,NULL,0
134,0,30,0,NULL,0
69,50,46,50,NULL,0
NULL,30,NULL,0,NULL,0
228,0,43,0,NULL,0
30,40,170,50,NULL,0
317,0,NULL,0,NULL,0
67,0,NULL,0,NULL,0
152,0,292,0,NULL,0
30,0,252,0,NULL,0
30,0,308,0,NULL,0
100,0,310,50,NULL,0
30,0,308,0,NULL,0
8467,50,170,0,NULL,0
7681,30,380,30,NULL,1
135,0,252,0,NULL,0
263,50,81,0,"2012-05-31",1
351,50,229,50,NULL,0
263,50,81,0,"2012-05-31",1
97,0,228,0,NULL,1
67,0,NULL,0,NULL,0
134,0,30,0,NULL,0
263,50,81,0,"2012-05-31",1
134,0,229,0,"2012-06-29",4
30,0,97,0,NULL,1
97,0,228,0,NULL,1
70,0,30,0,NULL,0
67,0,NULL,0,NULL,0
179,0,69,0,NULL,0
252,0,135,0,NULL,0
100,0,310,0,NULL,0
279,50,134,50,NULL,4
69,0,5613,0,NULL,1
69,0,5613,0,NULL,1
134,0,30,0,NULL,0
138,0,30,0,NULL,0
69,50,46,50,NULL,0
175,0,163,0,NULL,0
134,0,30,0,NULL,0
69,0,5613,0,NULL,1
24,0,246,0,NULL,0
292,0,11,0,NULL,0
67,0,NULL,0,NULL,0
252,50,69,50,NULL,0
2156,0,5867,0,NULL,0
1,0,70,0,NULL,0
282,50,44,50,"2012-06-20",4
30,0,308,0,NULL,0
228,0,NULL,0,NULL,0
354,50,134,0,NULL,0
252,0,8664,0,NULL,0
30,0,163,0,NULL,0
134,0,30,0,NULL,0
152,0,292,0,NULL,0
282,50,44,50,"2012-06-20",4
67,0,NULL,0,NULL,0
346,30,30,0,NULL,NULL
69,50,46,50,NULL,0
179,0,194,0,NULL,0
229,0,140,50,"2012-06-10",0
179,0,134,0,"2012-06-10",0
269,0,97,0,NULL,0
229,0,179,0,NULL,0
NULL,0,181,30,NULL,0
292,0,11,0,NULL,0
252,0,138,0,NULL,0
351,0,191,20,NULL,0
30,0,70,0,NULL,0
134,0,229,0,"2012-06-29",4
138,0,30,0,NULL,0
282,0,44,0,"2012-06-20",4
179,0,30,0,NULL,0
30,0,163,0,NULL,0
179,0,134,0,NULL,0
30,0,97,0,NULL,1
14,0,173,0,NULL,0
69,50,46,50,NULL,0
67,0,NULL,0,NULL,0
279,50,134,50,NULL,4
30,0,69,0,NULL,1
170,0,134,0,NULL,0
30,0,97,0,NULL,1
282,50,44,50,"2012-06-20",4
351,50,229,50,NULL,0
270,10,163,50,NULL,1
134,0,30,0,NULL,0
351,0,67,0,NULL,0
30,0,97,0,NULL,1
160,0,30,0,NULL,0
252,0,135,0,NULL,0
6839,0,NULL,0,NULL,0
269,0,297,0,NULL,0
30,0,308,0,NULL,0
282,50,44,50,"2012-06-20",4
30,0,163,0,NULL,0
53,0,30,0,NULL,0
179,0,194,0,NULL,0
179,0,134,0,NULL,0
179,0,5469,0,NULL,0
282,50,44,50,"2012-06-20",4
7056,0,7061,0,NULL,0
346,30,30,0,NULL,NULL
3112,0,134,0,NULL,0
30,0,97,0,NULL,0
228,0,NULL,0,NULL,0
5469,0,97,0,NULL,0
30,0,37,10,NULL,0
67,0,NULL,0,NULL,0
351,0,191,20,NULL,0
30,0,308,0,NULL,0
53,0,30,0,NULL,1
6036,0,5868,20,NULL,0
138,0,30,0,NULL,0
30,20,270,20,NULL,0
36,0,134,0,"2012-06-15",0
138,0,30,0,NULL,0
179,0,134,0,NULL,0
30,0,308,0,NULL,0
138,0,44,0,NULL,0
30,0,69,0,NULL,1
30,20,270,20,NULL,0
194,0,30,0,NULL,0
NULL,0,181,30,NULL,0
30,0,44,0,NULL,0
6839,0,NULL,0,NULL,0
138,0,30,0,NULL,0
67,0,NULL,0,NULL,0
NULL,0,181,30,NULL,0
351,0,191,0,NULL,0
309,0,NULL,0,NULL,0
30,0,308,0,NULL,0
53,0,30,0,NULL,0
256,10,297,10,"2012-06-15",2
NULL,0,181,30,NULL,0
194,0,30,0,NULL,0
310,0,297,0,NULL,0
209,0,194,0,NULL,0
35,20,269,20,NULL,0
310,0,134,0,NULL,0
67,0,NULL,0,NULL,0
104,0,179,0,NULL,0
NULL,0,181,30,NULL,0
228,50,266,50,NULL,0
252,0,138,0,NULL,0
37,50,134,50,NULL,1
7749,0,134,0,NULL,0
53,0,246,0,NULL,0
260,30,30,0,"2012-05-31",1
179,0,134,0,NULL,0
166,30,7753,30,NULL,1
354,50,134,0,NULL,0
69,0,30,0,NULL,0
30,0,308,0,NULL,0
35,20,269,20,NULL,0
229,0,179,0,NULL,0
69,0,229,0,NULL,0
228,0,30,0,NULL,0
252,0,247,50,NULL,0
179,0,69,0,NULL,0
5469,0,179,0,NULL,0
351,0,67,0,NULL,0
53,0,30,0,NULL,0
44,0,30,0,NULL,0
279,0,134,0,NULL,0
69,0,30,0,NULL,0
169,50,30,0,NULL,0
228,50,266,50,NULL,0
5469,0,179,0,NULL,0
260,30,30,0,"2012-05-31",1
44,0,69,0,NULL,0
170,0,310,0,NULL,0
178,0,84,0,NULL,3
194,30,335,30,NULL,0
269,0,113,0,NULL,0
310,0,163,0,NULL,0
2196,0,351,0,NULL,0
53,0,246,0,NULL,0
113,0,196,0,NULL,0
209,0,30,0,NULL,0
351,50,229,50,NULL,0
279,0,134,0,NULL,0
69,0,229,0,NULL,0
6839,0,NULL,0,NULL,0
100,0,20,50,"2012-06-21",0
6209,80,21763,80,NULL,4
97,0,160,0,NULL,0
179,0,194,0,NULL,0
179,0,134,0,NULL,0
100,0,273,0,NULL,0
2196,0,351,0,NULL,0
228,0,171,0,NULL,0
30,0,44,0,NULL,0
170,0,310,0,NULL,0
30,0,169,0,NULL,0
5469,0,179,0,NULL,0
309,0,NULL,0,NULL,0
213,0,170,0,NULL,0
3115,50,97,50,NULL,1
113,0,269,0,NULL,0
6839,0,NULL,0,NULL,0
279,0,134,0,NULL,0
30,0,44,0,NULL,0
97,0,160,0,NULL,0
30,0,70,0,NULL,0
134,0,136,0,NULL,0
30,0,268,0,NULL,1
5469,0,179,0,NULL,0
30,0,212,0,NULL,0
100,20,58,20,NULL,0
228,0,30,0,NULL,0
7718,50,170,50,NULL,0
243,20,138,0,NULL,0
163,0,30,0,NULL,0
30,0,69,0,NULL,1
279,0,134,0,NULL,0
30,0,308,0,NULL,0
179,0,194,0,NULL,0
228,0,170,0,NULL,0
30,0,212,0,NULL,0
97,0,160,0,NULL,0
163,0,30,0,NULL,0
97,0,69,0,NULL,0
30,0,70,0,NULL,0
30,0,69,0,NULL,1
175,0,134,0,NULL,0
30,0,212,0,NULL,0
97,0,160,0,NULL,0
7684,20,228,0,NULL,0
5469,0,179,0,NULL,0
30,0,268,0,NULL,1
339,0,252,0,NULL,NULL
8799,0,142,0,NULL,0
30,0,138,0,NULL,0
73,30,5892,0,NULL,2
14,0,179,0,NULL,2
32,0,67,0,NULL,0
30,0,169,0,NULL,0
179,0,134,0,NULL,0
6839,0,NULL,0,NULL,0
30,0,268,0,NULL,0
97,0,160,0,NULL,0
30,0,212,0,NULL,0
179,0,138,0,NULL,0
134,0,228,0,NULL,0
175,0,134,0,NULL,0
163,50,179,0,NULL,4
310,0,170,0,NULL,0
309,0,NULL,0,NULL,0
30,0,194,0,NULL,0
209,0,134,0,NULL,0
273,20,100,0,NULL,0
178,0,84,0,NULL,3
140,30,81,0,NULL,0
138,0,44,0,NULL,0
97,0,160,0,NULL,0
8799,0,142,0,NULL,0
310,0,170,0,NULL,0
179,0,104,0,NULL,0
35,20,269,20,NULL,0
179,0,134,0,NULL,0
69,0,30,0,NULL,0
30,0,194,0,NULL,0
44,0,69,0,NULL,0
175,0,134,0,NULL,0
309,0,NULL,0,NULL,0
228,0,30,0,NULL,0
6209,80,21763,80,NULL,4
243,20,138,0,NULL,0
134,50,37,50,NULL,1
7684,20,228,0,NULL,0
134,0,228,0,NULL,0
30,0,212,0,NULL,0
97,0,160,0,NULL,0
310,0,163,0,NULL,0
5463,0,228,0,"2012-06-10",0
273,20,100,0,NULL,0
7684,20,228,0,NULL,0
163,0,134,0,NULL,0
30,0,73,0,NULL,0
7056,50,6950,50,NULL,0
213,0,86,0,NULL,0
317,0,212,0,NULL,0
254,0,228,0,NULL,1
152,0,246,0,NULL,0
20,30,69,20,NULL,1
134,0,229,0,NULL,0
297,0,228,0,NULL,0
175,0,134,0,NULL,0
163,0,134,0,NULL,0
30,0,69,0,NULL,1
97,0,160,0,NULL,0
30,0,81,20,NULL,0
228,0,5463,0,NULL,0
7684,20,228,0,NULL,0
163,0,134,0,NULL,0
5469,0,179,0,NULL,0
30,0,81,20,NULL,0
14,0,67,0,NULL,2
30,0,69,0,NULL,1
NULL,0,NULL,0,NULL,0
163,0,261,0,NULL,0
30,0,69,0,NULL,1
30,0,69,0,NULL,1
134,0,229,0,NULL,0
5469,0,179,0,NULL,0
138,50,36,0,NULL,0
30,20,270,20,NULL,0
338,20,134,20,NULL,0
228,0,100,0,NULL,0
254,0,228,0,NULL,4
30,0,308,0,NULL,0
163,0,261,0,NULL,0
228,0,104,0,NULL,0
152,0,246,0,NULL,0
69,0,55,0,NULL,0
30,0,138,0,NULL,0
30,0,169,50,NULL,1
30,0,69,0,NULL,0
30,0,69,0,NULL,1
32,50,36,0,NULL,0
175,0,134,0,NULL,0
7684,20,228,0,NULL,0
175,0,30,0,NULL,0
30,0,1,0,NULL,1
351,0,228,0,NULL,0
24,0,270,0,NULL,0
14,0,73,0,NULL,2
175,0,134,0,NULL,0
309,0,NULL,0,NULL,0
7684,20,228,0,NULL,0
209,0,169,0,NULL,0
30,0,69,0,NULL,1
175,0,134,0,NULL,0
20,30,69,20,NULL,1
254,0,228,0,NULL,4
14,0,73,40,NULL,2
6088,50,6030,40,"2012-07-23",0
297,0,228,0,NULL,0
30,0,73,0,NULL,0
30,0,69,0,NULL,1
228,0,30,0,NULL,0
2185,50,248,20,NULL,0
351,0,228,0,NULL,0
93,0,134,0,NULL,0
228,0,30,0,NULL,0
274,50,36,0,NULL,0
35,20,269,20,NULL,0
6209,80,21763,80,NULL,4
228,0,310,0,"2012-05-31",0
175,0,134,0,NULL,0
178,0,84,0,NULL,3
30,0,308,0,NULL,0
6209,80,21763,80,NULL,4
100,0,273,20,NULL,0
20,30,69,20,NULL,1
30,0,69,0,NULL,1
310,0,100,0,NULL,0
1,30,97,0,NULL,0
374,0,160,0,NULL,0
35,20,269,0,NULL,0
30,0,69,0,NULL,1
228,0,5463,0,NULL,0
73,30,5892,0,NULL,2
228,0,30,0,NULL,0
351,0,228,0,NULL,0
138,0,310,0,NULL,0
67,50,NULL,0,NULL,1
203,0,93,0,"2012-02-26",0
222,0,44,0,NULL,0
5469,0,179,0,NULL,0
310,0,229,0,NULL,0
30,0,194,0,"2012-05-31",0
310,0,170,0,NULL,0
228,0,5463,0,NULL,0
69,0,55,0,NULL,0
270,0,138,0,NULL,0
310,0,100,0,NULL,0
270,0,160,0,NULL,0
30,0,53,0,NULL,0
35,20,269,0,NULL,0
30,0,194,0,"2012-05-31",0
254,0,228,0,NULL,1
138,0,310,0,NULL,0
179,0,134,0,NULL,0
169,0,351,0,NULL,0
67,30,228,30,NULL,0
224,50,163,50,NULL,0
270,0,30,30,"2012-06-10",0
310,0,100,0,NULL,0
140,0,81,0,"2012-06-01",0
310,0,170,0,NULL,0
354,50,134,0,NULL,0
254,0,228,0,NULL,4
35,20,269,0,NULL,0
270,0,138,0,NULL,0
32,0,30,0,"2012-06-15",0
134,0,121,0,NULL,0
30,0,97,0,NULL,0
97,0,30,0,NULL,1
310,10,97,10,NULL,0
20,30,69,20,NULL,1
97,0,30,0,NULL,1
67,50,NULL,0,NULL,1
32,0,30,0,"2012-06-15",0
97,0,30,0,NULL,1
35,20,269,0,NULL,0
138,0,175,0,NULL,0
222,0,44,0,NULL,0
152,0,246,0,NULL,0
310,0,170,0,NULL,0
228,0,5463,0,NULL,0
270,0,NULL,0,NULL,0
30,0,229,0,NULL,0
73,0,97,0,NULL,0
270,0,NULL,0,NULL,0
310,0,100,0,NULL,0
32,0,30,0,"2012-06-15",0
310,0,359,0,NULL,0
87,0,7711,0,NULL,0
310,0,170,0,NULL,0
97,0,30,0,NULL,1
97,0,30,0,NULL,1
253,0,44,0,NULL,0
270,0,30,30,"2012-06-10",0
253,0,44,0,NULL,0
134,0,121,0,NULL,0
120,0,140,0,NULL,0
30,0,194,0,"2012-05-31",0
351,0,67,0,NULL,0
310,0,170,0,NULL,0
254,0,228,0,NULL,4
8454,0,6979,0,NULL,0
45,0,67,0,NULL,0
270,0,NULL,0,NULL,0
30,0,229,0,NULL,0
93,0,134,0,NULL,0
5469,0,179,0,NULL,0
97,0,30,0,NULL,1
228,0,30,0,NULL,0
169,0,351,0,NULL,0
310,0,170,0,NULL,0
30,0,97,0,NULL,0
30,0,138,0,NULL,0
30,20,270,20,NULL,0
354,50,134,0,NULL,0
270,0,NULL,0,NULL,0
35,20,269,0,NULL,0
163,0,261,0,NULL,0
37,0,134,0,NULL,0
97,0,30,0,NULL,1
253,0,44,0,NULL,0
152,0,246,0,NULL,0
6209,80,21763,80,NULL,4
30,0,270,30,NULL,0
169,0,351,0,NULL,0
30,0,138,0,NULL,0
229,0,30,0,NULL,0
253,10,224,20,NULL,0
228,0,67,0,NULL,0
97,0,321,0,NULL,0
138,0,32,0,NULL,0
310,0,170,0,NULL,0
134,20,344,50,NULL,0
30,0,134,0,NULL,0
73,0,30,0,NULL,0
134,0,30,0,NULL,0
134,20,44,50,NULL,0
315,10,16,10,NULL,4
253,0,44,0,NULL,0
37,0,97,20,NULL,0
32,0,30,0,"2012-06-15",0
255,30,NULL,0,NULL,1
5732,0,NULL,0,NULL,0
30,0,229,0,NULL,0
16,10,315,10,NULL,4
346,30,30,0,NULL,NULL
169,0,97,0,NULL,0
163,0,261,0,NULL,0
169,0,97,0,NULL,0
152,0,246,0,NULL,0
270,0,160,0,NULL,0
179,0,213,0,"2012-05-31",0
67,50,NULL,0,NULL,1
228,0,30,0,NULL,0
6209,80,21763,80,NULL,4
30,0,194,0,NULL,0
194,0,179,30,NULL,0
7705,50,351,50,NULL,0
134,20,44,50,NULL,0
194,0,179,30,NULL,0
228,0,30,0,NULL,0
310,0,170,0,NULL,0
282,50,44,50,"2012-06-20",4
113,0,1,0,NULL,0
97,0,30,0,NULL,1
0,50,6000,50,NULL,NULL
30,0,134,0,NULL,0
228,0,176,50,NULL,0
97,0,160,0,NULL,0
110,0,228,0,NULL,0
169,0,97,0,NULL,0
140,20,81,0,NULL,0
5732,0,NULL,0,NULL,0
152,0,246,0,NULL,0
310,0,170,0,NULL,0
100,0,7718,30,NULL,0
134,0,30,0,NULL,0
32,0,134,0,NULL,0
30,0,270,30,NULL,0
30,0,194,0,NULL,0
97,20,147,20,NULL,0
310,10,97,10,NULL,0
270,0,NULL,0,NULL,0
97,0,317,0,NULL,0
1,50,6000,50,NULL,NULL
253,0,44,0,NULL,0
35,20,269,0,NULL,0
97,0,229,0,NULL,0
134,20,56,50,NULL,0
179,0,134,0,NULL,0
30,0,134,0,NULL,0
30,0,7700,0,NULL,0
140,20,81,0,NULL,0
30,50,175,0,NULL,0
73,0,30,0,NULL,0
5732,0,NULL,0,NULL,0
16,10,315,10,NULL,4
253,0,44,0,NULL,0
179,0,134,0,NULL,0
169,50,6795,0,NULL,0
310,0,36,0,NULL,0
30,0,7700,0,NULL,0
207,30,7704,30,NULL,NULL
97,0,30,0,NULL,1
194,0,355,0,NULL,0
30,0,229,0,NULL,0
228,0,30,0,NULL,0
279,0,175,0,NULL,0
97,0,30,0,NULL,1
97,20,147,20,NULL,0
228,0,30,0,NULL,0
179,0,134,0,NULL,0
97,0,30,0,NULL,1
30,50,175,0,NULL,0
270,0,NULL,0,NULL,0
134,0,30,0,NULL,0
213,50,134,0,NULL,0
NULL,0,NULL,0,NULL,0
30,0,134,0,NULL,0
69,0,30,0,NULL,0
254,0,228,0,NULL,1
310,0,170,0,"2012-05-31",0
169,50,6795,0,NULL,0
194,0,355,0,NULL,0
203,20,175,0,"2012-05-31",0
246,0,54,0,NULL,0
228,0,30,0,NULL,0
169,0,6795,0,NULL,0
163,20,194,20,NULL,0
179,0,134,0,NULL,0
69,0,30,0,NULL,0
69,0,61,0,NULL,0
100,0,7718,30,NULL,0
44,0,37,0,"2012-06-10",0
134,20,344,50,NULL,0
179,0,134,0,NULL,0
310,0,228,0,NULL,0
134,0,179,0,NULL,0
97,0,30,0,NULL,1
3112,0,134,0,NULL,0
212,0,44,0,NULL,0
30,0,317,0,NULL,0
32,0,30,0,"2012-06-15",0
169,0,6795,0,NULL,0
97,20,147,20,NULL,0
97,0,30,0,NULL,1
261,50,179,0,NULL,0
134,0,179,0,NULL,0
310,0,170,0,"2012-05-31",0
310,0,2156,0,NULL,0
254,0,228,0,NULL,1
310,0,228,0,NULL,0
1,0,113,0,NULL,0
100,0,73,20,NULL,0
134,0,179,0,NULL,0
138,0,228,0,"2012-06-10",0
346,30,30,0,NULL,NULL
30,0,270,30,NULL,0
169,0,97,0,NULL,0
203,20,175,0,"2012-05-31",0
310,0,36,0,NULL,0
93,0,134,0,NULL,0
134,0,30,0,NULL,0
7750,0,142,0,NULL,0
35,20,269,0,NULL,0
134,0,194,0,NULL,0
228,0,138,0,NULL,0
310,0,2156,0,NULL,0
203,20,175,0,"2012-05-31",0
37,0,246,0,NULL,0
310,0,36,0,NULL,0
134,0,179,0,NULL,0
37,0,97,20,NULL,0
179,0,30,0,NULL,0
30,0,229,0,NULL,0
270,0,NULL,0,NULL,0
97,0,321,0,NULL,0
73,10,212,0,NULL,0
346,0,30,0,NULL,0
1,0,113,0,NULL,0
134,0,30,0,NULL,0
338,20,134,20,NULL,0
134,0,30,0,NULL,0
270,0,NULL,0,NULL,0
37,0,97,20,NULL,0
37,0,134,0,NULL,0
310,0,170,0,"2012-05-31",0
179,0,134,0,NULL,0
37,0,246,0,NULL,0
134,0,252,0,NULL,0
330,20,255,10,NULL,NULL
228,0,310,0,NULL,NULL
93,0,134,0,NULL,0
30,0,97,0,NULL,0
30,0,134,0,NULL,0
194,0,179,30,NULL,0
351,0,228,0,NULL,0
97,0,30,0,NULL,1
7056,50,6950,50,NULL,0
173,0,246,0,NULL,0
228,0,138,0,NULL,0
310,0,170,0,NULL,0
163,0,261,0,NULL,0
30,0,69,0,NULL,0
93,0,134,0,NULL,0
44,0,37,0,"2012-06-10",0
253,0,120,0,"2012-06-11",1
297,0,228,0,NULL,0
134,0,30,0,NULL,0
37,0,246,0,NULL,0
163,0,261,0,NULL,0
134,0,30,0,NULL,0
310,0,170,0,"2012-05-31",0
NULL,0,8454,0,NULL,2
44,0,37,0,"2012-06-10",0
228,0,138,0,NULL,0
246,0,197,50,NULL,0
209,0,169,0,NULL,0
163,0,261,0,NULL,0
30,0,270,0,NULL,0
261,50,179,0,NULL,0
9291,50,21261,50,NULL,0
31,30,179,10,NULL,4
7750,0,142,0,NULL,0
134,0,73,0,NULL,0
212,20,119,30,NULL,0
194,0,179,30,NULL,0
30,0,270,0,NULL,4
194,0,179,30,NULL,0
270,0,NULL,0,NULL,0
175,0,134,0,NULL,0
97,0,30,0,NULL,1
163,0,261,0,NULL,0
351,0,278,0,NULL,0
134,0,73,0,NULL,0
31,30,179,0,NULL,4
5732,0,NULL,0,NULL,0
228,0,310,0,NULL,0
35,20,269,0,NULL,0
9291,50,6951,50,NULL,0
NULL,0,NULL,0,NULL,0
310,0,170,0,"2012-05-31",0
37,0,97,20,NULL,0
140,0,100,0,NULL,0
228,0,2196,0,NULL,0
228,0,310,0,NULL,0
NULL,0,NULL,0,NULL,0
183,0,301,0,NULL,0
69,0,86,0,NULL,0
253,10,120,20,"2012-06-11",1
30,0,97,0,NULL,0
317,0,212,0,NULL,0
31,40,179,0,NULL,4
253,10,120,20,"2012-06-11",1
9291,50,6950,50,NULL,0
37,0,97,20,NULL,0
246,0,197,50,NULL,0
175,0,134,0,NULL,0
163,0,261,0,NULL,0
173,0,246,0,NULL,0
228,0,310,0,NULL,0
207,30,209,30,NULL,NULL
9291,50,6952,50,NULL,0
30,0,97,0,NULL,0
134,0,151,0,NULL,0
310,0,170,0,NULL,0
261,50,179,0,NULL,0
179,0,86,0,NULL,0
121,10,341,10,NULL,1
97,0,30,0,NULL,1
97,0,179,0,"2012-05-11",0
97,0,321,0,NULL,0
37,0,97,20,NULL,0
97,0,179,0,NULL,0
134,0,32,0,NULL,0
169,30,NULL,0,NULL,0
310,0,36,0,NULL,0
5732,0,NULL,0,NULL,0
NULL,0,NULL,0,NULL,0
44,0,134,0,"2012-05-31",0
279,0,134,0,NULL,0
97,0,179,0,NULL,0
30,0,270,0,NULL,4
246,20,194,20,NULL,0
134,0,351,0,NULL,0
9291,50,6952,50,NULL,0
183,0,301,0,NULL,0
14,0,73,50,NULL,2
121,10,341,10,NULL,0
0,50,6000,50,NULL,NULL
246,20,194,20,NULL,0
30,0,179,0,NULL,0
NULL,0,8454,0,NULL,2
121,10,341,10,NULL,0
179,0,86,0,NULL,0
5440,0,228,0,NULL,0
228,0,100,0,NULL,0
279,0,134,0,NULL,0
310,0,294,0,NULL,0
37,0,30,0,NULL,0
30,0,205,20,NULL,0
179,0,261,50,NULL,0
163,0,261,0,NULL,0
338,0,179,0,NULL,0
30,0,179,0,NULL,0
134,0,32,0,NULL,0
308,0,30,0,NULL,0
169,40,84,30,NULL,0
45,50,179,50,NULL,4
228,0,97,0,NULL,0
279,0,134,0,NULL,0
5440,0,228,0,NULL,0
297,0,228,0,NULL,0
134,0,30,0,NULL,0
255,30,NULL,0,NULL,1
69,0,86,0,NULL,0
270,0,NULL,0,NULL,0
212,20,119,30,NULL,0
44,0,37,0,"2012-06-10",0
30,0,293,0,NULL,0
228,0,176,50,NULL,0
97,0,30,0,NULL,1
44,0,134,0,"2012-05-31",0
7682,0,134,0,NULL,0
179,0,86,0,NULL,0
67,0,194,0,NULL,0
30,0,270,0,NULL,4
121,0,341,0,NULL,0
173,0,246,0,NULL,0
175,0,134,0,NULL,0
30,0,138,0,NULL,0
246,20,194,20,NULL,0
NULL,0,8454,0,NULL,2
228,0,170,0,"2012-06-15",0
175,50,32,50,NULL,0
97,0,179,0,NULL,0
255,30,NULL,0,NULL,1
179,0,86,0,NULL,0
228,0,176,50,NULL,0
44,0,134,0,"2012-05-31",0
134,0,44,0,NULL,0
228,0,100,0,NULL,0
30,0,270,0,NULL,4
30,0,138,0,NULL,0
179,0,86,0,NULL,0
310,0,170,0,NULL,0
37,0,97,20,NULL,0
228,0,170,0,"2012-06-15",0
100,0,310,0,NULL,0
338,0,179,0,NULL,0
228,0,176,50,NULL,0
270,0,NULL,0,NULL,0
179,0,86,0,NULL,0
30,0,270,0,NULL,4
175,0,8513,0,NULL,0
30,0,205,20,NULL,0
44,0,134,0,"2012-05-31",0
37,0,246,0,NULL,0
67,50,181,50,NULL,3
37,0,97,20,NULL,0
97,0,179,0,NULL,0
310,0,67,0,NULL,0
116,50,8840,50,NULL,3
67,50,181,50,NULL,3
228,0,170,0,"2012-06-15",0
69,0,194,0,NULL,0
228,0,179,0,NULL,0
163,20,117,20,NULL,0
NULL,0,NULL,0,NULL,0
37,0,246,0,NULL,0
173,0,246,0,NULL,0
67,50,181,50,NULL,3
270,0,NULL,0,NULL,0
179,0,86,0,NULL,0
228,0,176,50,NULL,0
134,0,30,0,NULL,0
228,0,170,0,"2012-06-15",0
30,0,341,0,"2012-06-13",0
246,0,54,0,NULL,0
134,0,30,0,NULL,0
179,0,261,50,NULL,0
30,20,212,20,NULL,1
175,0,134,0,NULL,0
194,0,67,0,NULL,0
269,20,118,50,"2012-06-10",0
270,0,NULL,0,NULL,0
37,0,246,0,NULL,0
315,0,97,0,NULL,0
228,0,176,50,NULL,0
134,0,30,0,NULL,0
30,0,97,0,NULL,0
246,0,54,0,NULL,0
228,0,170,0,"2012-06-15",0
315,0,97,0,NULL,0
30,0,293,0,NULL,0
30,20,293,10,NULL,0
93,0,134,0,NULL,0
69,0,194,0,NULL,0
30,0,134,0,NULL,0
37,0,246,0,NULL,0
134,0,30,0,NULL,0
37,0,97,20,NULL,0
30,0,270,0,NULL,0
228,0,176,50,NULL,0
97,0,5469,0,NULL,0
30,0,293,0,NULL,0
246,0,197,50,NULL,0
45,50,179,50,NULL,4
86,0,179,0,NULL,0
44,0,134,0,"2012-05-31",0
97,0,5469,0,NULL,0
69,0,194,0,NULL,0
179,0,270,0,NULL,0
81,0,30,0,NULL,0
139,20,254,0,NULL,NULL
44,0,30,0,NULL,0
134,0,30,0,NULL,0
30,0,97,0,NULL,0
2196,0,351,0,NULL,0
351,0,26,30,NULL,0
37,0,246,0,NULL,0
45,50,1,50,NULL,4
310,0,67,0,NULL,0
30,0,134,0,NULL,0
30,0,229,0,NULL,0
45,50,1,50,NULL,4
175,0,8513,0,NULL,0
5732,0,NULL,0,NULL,NULL
69,0,194,0,NULL,0
2196,0,351,0,NULL,0
228,0,176,50,NULL,0
97,0,179,0,NULL,0
338,0,97,0,NULL,NULL
45,50,1,50,NULL,4
246,0,197,50,NULL,0
44,0,30,0,NULL,0
37,0,246,0,NULL,0
69,0,228,0,NULL,0
179,0,261,50,NULL,0
45,50,1,50,NULL,4
97,50,246,50,NULL,0
30,0,229,0,NULL,0
173,0,246,0,NULL,0
30,0,97,0,NULL,0
30,0,134,0,NULL,0
211,0,44,0,NULL,NULL
179,0,234,0,NULL,0
30,0,270,0,NULL,0
45,50,1,50,NULL,4
315,0,97,0,NULL,0
97,0,310,0,NULL,0
93,0,134,0,NULL,0
97,0,179,0,NULL,0
30,0,205,20,NULL,0
NULL,0,8454,0,NULL,2
97,50,246,50,NULL,0
69,0,228,0,NULL,0
270,0,NULL,0,NULL,0
175,0,8513,0,NULL,0
228,0,176,50,NULL,0
93,0,134,0,NULL,0
NULL,0,8454,0,NULL,2
338,0,44,0,NULL,NULL
1,50,45,50,NULL,4
86,0,30,0,"2012-06-11",0
37,0,246,0,NULL,0
22,0,351,0,NULL,0
246,0,54,0,NULL,0
229,0,43,0,NULL,0
NULL,0,8454,0,NULL,2
228,0,211,10,NULL,0
228,0,30,0,NULL,1
175,0,134,0,NULL,0
22,0,351,0,NULL,0
3107,0,278,0,NULL,0
228,50,67,30,NULL,0
69,0,194,0,NULL,0
30,0,341,0,"2012-06-13",0
228,0,170,0,NULL,0
30,0,229,0,NULL,0
341,0,279,0,NULL,0
246,0,54,0,NULL,0
194,0,69,0,NULL,0
179,20,138,20,NULL,0
30,0,134,0,NULL,0
228,0,6696,0,NULL,1
310,0,67,0,NULL,0
30,0,44,0,NULL,0
194,0,228,0,NULL,1
179,20,138,20,NULL,0
73,0,30,0,NULL,2
278,50,67,30,NULL,0
86,0,58,0,NULL,0
97,0,44,0,NULL,NULL
97,0,44,0,NULL,NULL
278,50,67,30,NULL,0
1,50,45,50,NULL,4
3075,0,NULL,0,NULL,0
228,0,317,0,NULL,0
NULL,0,8454,0,NULL,2
179,0,261,50,NULL,0
30,0,270,0,NULL,0
3107,0,278,0,NULL,0
278,50,67,30,NULL,0
194,0,67,0,NULL,0
228,0,170,0,NULL,0
138,0,134,0,NULL,0
134,0,228,0,"2012-06-10",0
169,0,30,0,NULL,0
93,0,134,0,NULL,0
30,0,134,0,NULL,0
260,30,30,0,"2012-05-31",1
169,30,NULL,0,NULL,0
179,0,24,0,NULL,1
8461,20,211,0,NULL,0
44,0,134,0,"2012-05-31",0
8461,20,211,0,NULL,0
30,0,179,0,NULL,0
8461,20,211,0,NULL,0
138,0,228,0,NULL,0
30,0,229,0,NULL,0
3107,0,278,0,NULL,0
37,0,246,0,NULL,0
317,0,181,0,NULL,0
8461,20,211,0,NULL,0
169,40,NULL,0,NULL,0
140,0,310,0,NULL,0
228,0,170,0,NULL,0
179,0,246,0,NULL,0
103,0,246,0,NULL,0
175,0,134,0,NULL,0
30,0,179,0,NULL,0
97,0,44,0,NULL,NULL
134,0,252,0,NULL,0
69,0,194,0,NULL,0
212,0,117,0,NULL,0
3075,0,NULL,0,NULL,0
86,0,30,0,"2012-06-11",0
37,0,246,0,NULL,0
30,0,187,0,"2012-06-10",0
30,0,293,0,NULL,0
30,0,134,0,NULL,0
179,0,24,0,NULL,1
310,0,2156,0,NULL,0
246,0,197,50,NULL,0
73,50,2196,50,NULL,1
8461,30,37,0,NULL,0
NULL,0,8835,0,NULL,0
69,0,194,0,NULL,0
169,50,NULL,0,NULL,0
173,0,246,0,NULL,0
209,0,30,0,NULL,0
134,0,30,0,NULL,0
351,0,26,30,NULL,0
140,0,69,0,NULL,0
179,20,138,20,NULL,0
134,0,69,0,NULL,0
134,0,169,0,NULL,0
134,0,252,0,NULL,0
NULL,0,8835,0,NULL,0
315,0,97,0,NULL,0
134,0,30,0,NULL,0
179,20,138,20,NULL,0
103,0,246,0,NULL,0
37,0,246,0,NULL,0
100,0,6795,0,NULL,0
134,0,93,0,NULL,0
97,0,30,0,NULL,1
351,0,26,30,NULL,0
NULL,0,227,10,NULL,0
30,0,270,0,NULL,0
43,0,273,50,NULL,0
175,0,134,0,NULL,0
188,0,NULL,0,NULL,0
97,0,30,0,NULL,1
138,0,32,0,NULL,0
246,0,197,50,NULL,0
228,0,170,0,NULL,0
194,0,228,0,NULL,1
30,0,194,0,NULL,0
170,0,101,50,"2012-06-17",0
103,0,246,0,NULL,0
37,0,24,0,NULL,1
282,0,97,0,NULL,0
30,0,293,0,NULL,0
351,0,26,30,NULL,0
169,0,58,0,NULL,0
229,0,134,0,NULL,0
209,0,30,0,NULL,0
194,0,69,0,NULL,0
30,0,134,0,NULL,0
194,0,142,0,NULL,0
188,0,NULL,0,NULL,0
169,0,58,0,NULL,0
24,50,100,50,NULL,1
315,0,97,0,NULL,0
97,0,310,0,NULL,0
163,50,282,50,NULL,0
194,0,69,0,NULL,0
24,50,100,0,NULL,1
228,0,170,0,NULL,0
30,0,138,0,NULL,0
30,0,194,0,NULL,0
228,0,30,0,NULL,1
229,0,134,0,NULL,0
30,0,270,0,NULL,0
140,0,69,0,NULL,0
163,10,282,50,NULL,0
181,50,67,50,NULL,3
169,50,2139,0,NULL,0
24,30,100,0,NULL,1
209,0,30,0,NULL,0
228,0,2196,0,NULL,0
134,10,138,10,NULL,0
5463,50,194,50,NULL,4
175,0,8513,0,NULL,0
30,0,194,0,NULL,0
270,0,84,0,"2012-05-31",0
30,0,169,50,NULL,0
134,0,69,0,"2012-05-31",0
134,0,37,0,"2012-06-15",0
NULL,0,8835,0,NULL,0
30,0,138,0,NULL,0
246,0,197,50,NULL,0
30,0,194,0,NULL,0
228,10,97,50,NULL,0
73,0,2196,0,NULL,1
212,0,69,0,NULL,0
254,0,43,0,NULL,NULL
188,0,NULL,0,NULL,0
103,0,246,0,NULL,0
86,0,30,0,"2012-06-11",0
134,0,73,0,NULL,0
24,0,100,0,NULL,1
229,0,134,0,NULL,0
209,0,30,0,NULL,0
30,0,169,0,NULL,0
228,0,30,0,NULL,1
228,0,97,0,NULL,0
140,0,69,0,NULL,0
194,0,69,0,NULL,0
270,0,84,0,"2012-05-31",0
169,50,5890,0,NULL,0
181,0,228,30,NULL,1
30,0,134,0,NULL,0
69,0,252,50,"2012-06-24",0
315,0,97,0,NULL,0
254,0,43,0,NULL,NULL
175,50,32,50,NULL,0
30,0,134,0,NULL,0
134,20,279,20,NULL,0
179,0,140,0,"2012-05-31",0
134,0,37,0,"2012-06-15",0
24,0,228,10,NULL,0
69,0,252,50,"2012-06-24",0
30,0,81,50,NULL,0
246,0,197,50,NULL,0
69,0,170,0,NULL,1
169,50,6020,0,NULL,0
37,0,246,0,NULL,0
140,0,69,0,NULL,0
23,20,30,0,NULL,1
274,40,30,20,NULL,0
30,0,134,0,NULL,0
246,0,197,50,NULL,0
310,30,37,0,NULL,0
86,0,179,0,NULL,0
209,0,30,0,NULL,0
6747,50,228,0,"2012-06-24",2
254,0,43,0,NULL,NULL
134,0,175,0,NULL,0
254,0,43,0,NULL,NULL
228,0,30,0,NULL,1
30,0,194,0,NULL,0
8784,20,254,20,NULL,0
228,0,97,0,NULL,0
140,0,69,0,NULL,0
93,0,134,0,NULL,0
246,0,197,50,NULL,0
194,0,30,0,NULL,0
246,10,81,10,NULL,0
69,0,170,0,NULL,1
86,0,30,0,"2012-06-11",0
351,0,26,30,NULL,0
194,0,69,0,NULL,0
NULL,0,8835,0,NULL,0
44,0,30,0,NULL,0
37,0,246,0,NULL,0
NULL,0,179,0,NULL,0
270,0,84,0,"2012-05-31",0
134,0,37,0,"2012-06-15",0
30,0,194,0,NULL,0
228,0,100,0,NULL,0
8512,0,100,0,NULL,0
97,50,246,50,NULL,0
NULL,0,8835,0,NULL,0
310,50,6020,0,NULL,0
30,0,138,0,NULL,0
30,0,179,0,NULL,0
178,0,1,0,NULL,0
246,0,197,0,NULL,0
246,0,54,0,NULL,0
315,0,97,0,NULL,0
73,50,160,10,"2012-06-10",0
310,10,253,0,NULL,0
211,50,2196,50,NULL,2
32,0,279,0,NULL,0
69,0,279,0,NULL,0
37,0,246,0,NULL,0
311,0,100,0,NULL,0
30,0,194,0,NULL,0
351,50,26,0,NULL,0
209,0,69,0,NULL,1
310,50,6020,50,NULL,0
8462,50,286,50,NULL,0
NULL,0,179,0,NULL,0
140,0,69,0,NULL,0
69,0,30,0,NULL,0
30,0,69,0,NULL,0
131,0,163,0,NULL,0
134,0,43,0,NULL,0
179,0,246,0,NULL,0
30,0,138,0,NULL,0
270,0,84,0,"2012-05-31",0
30,0,69,0,NULL,0
NULL,0,8835,0,NULL,0
30,0,134,0,NULL,0
97,0,228,0,NULL,0
254,0,43,0,NULL,NULL
2999,0,100,0,NULL,0
310,0,228,0,NULL,0
30,0,69,0,NULL,0
NULL,0,179,0,NULL,0
30,0,100,0,NULL,0
194,0,69,0,NULL,0
310,30,37,0,NULL,0
310,50,5889,50,NULL,0
30,0,69,0,NULL,0
134,0,7682,0,"2012-06-01",0
228,0,2196,0,NULL,0
30,0,228,0,NULL,0
63,50,30,0,NULL,0
310,50,282,50,NULL,0
209,0,30,0,NULL,0
30,0,138,0,NULL,0
194,0,69,0,NULL,0
32,0,279,0,NULL,0
21,50,100,0,NULL,0
5453,0,5440,0,NULL,0
140,0,69,0,NULL,0
NULL,0,2139,0,NULL,0
44,0,134,0,"2012-05-31",0
178,0,134,0,NULL,0
310,50,21602,50,NULL,0
97,0,30,0,NULL,0
134,0,30,0,NULL,0
134,0,175,0,NULL,0
30,0,100,0,NULL,0
228,0,100,0,NULL,0
30,0,194,0,"2012-05-31",0
NULL,0,2139,0,NULL,0
310,10,253,0,NULL,0
134,0,69,0,"2012-05-31",0
310,30,37,0,NULL,0
194,50,198,50,NULL,0
37,0,246,0,NULL,0
44,0,134,0,"2012-05-31",0
246,50,278,0,NULL,0
32,0,279,0,NULL,0
26,50,351,0,NULL,0
73,50,160,10,"2012-06-10",0
30,0,228,0,NULL,0
140,0,310,0,NULL,0
134,0,73,0,NULL,0
270,50,200,50,NULL,0
179,0,228,0,"2012-05-31",0
69,0,170,0,NULL,1
228,50,254,50,NULL,0
131,0,163,0,NULL,0
279,0,203,0,NULL,0
108,50,97,0,NULL,4
209,0,30,0,NULL,0
8784,20,254,20,NULL,0
252,20,310,20,NULL,1
1,0,169,0,NULL,0
30,0,194,0,"2012-05-31",0
30,0,100,0,NULL,0
270,50,200,50,NULL,2
310,10,253,0,NULL,0
NULL,0,2139,0,NULL,0
108,50,97,0,NULL,0
310,0,30,0,NULL,0
179,0,69,50,NULL,0
44,0,134,0,"2012-05-31",0
134,0,69,0,"2012-05-31",0
228,0,100,0,NULL,0
175,0,8513,0,NULL,0
194,0,152,0,NULL,0
246,0,69,0,NULL,0
30,0,194,0,"2012-05-31",0
228,0,97,0,NULL,0
108,0,97,0,NULL,0
246,50,254,50,NULL,0
8784,20,254,20,NULL,0
97,10,169,10,NULL,0
131,0,163,0,NULL,0
140,0,69,0,NULL,0
24,0,100,0,NULL,0
246,30,278,0,NULL,0
134,0,175,0,NULL,0
73,50,160,10,"2012-06-10",0
254,0,43,0,NULL,NULL
30,0,69,0,NULL,0
209,0,279,0,NULL,0
255,0,69,0,NULL,0
194,0,152,0,NULL,0
228,0,2196,0,NULL,0
175,0,134,0,NULL,0
246,50,254,50,NULL,0
NULL,0,2139,0,NULL,NULL
228,20,246,20,NULL,NULL
30,0,179,0,NULL,0
228,0,97,0,NULL,0
254,0,43,0,NULL,1
30,0,134,0,NULL,0
175,0,134,0,NULL,0
30,0,100,0,NULL,0
30,0,55,0,NULL,0
246,0,278,0,NULL,0
228,0,30,0,NULL,1
97,0,5469,0,NULL,0
30,0,134,0,NULL,0
30,0,179,0,NULL,0
69,0,228,0,NULL,0
30,0,194,0,"2012-05-31",0
228,0,100,0,NULL,0
100,0,20,50,"2012-06-20",0
175,0,134,0,NULL,0
178,0,81,0,"2012-06-10",0
134,0,69,0,"2012-05-31",0
310,50,5890,50,NULL,1
69,0,252,50,"2012-06-24",0
246,0,69,0,NULL,0
246,0,54,0,NULL,0
179,0,246,0,NULL,0
246,50,254,50,NULL,0
30,0,169,0,NULL,0
3075,0,246,0,NULL,0
134,0,175,0,NULL,0
8784,20,254,20,NULL,0
188,0,NULL,0,NULL,0
175,0,69,0,NULL,0
30,0,100,0,NULL,0
134,0,7682,0,"2012-06-01",0
30,0,134,0,NULL,0
228,0,100,0,NULL,0
194,30,198,30,NULL,0
30,0,138,0,NULL,0
30,0,121,0,NULL,0
30,0,69,0,NULL,0
134,0,69,0,NULL,0
251,50,22,50,NULL,1
37,0,1,0,NULL,0
246,50,254,50,NULL,0
254,0,43,0,NULL,1
134,50,222,50,NULL,0
7716,20,3082,20,NULL,0
134,0,30,0,NULL,0
175,0,203,0,NULL,0
73,0,30,0,NULL,0
194,0,69,0,NULL,0
175,0,69,0,NULL,0
26,50,351,0,NULL,0
2140,0,NULL,0,NULL,NULL
44,0,136,0,NULL,0
354,50,134,0,NULL,0
7716,20,3082,20,NULL,0
30,0,134,0,NULL,0
134,0,30,0,NULL,0
30,0,100,0,NULL,0
93,0,134,0,NULL,0
188,0,NULL,0,NULL,0
179,0,228,0,NULL,0
175,0,69,0,NULL,0
228,0,100,0,NULL,0
178,0,81,0,"2012-06-10",0
37,0,1,0,NULL,0
121,30,120,0,NULL,0
97,50,224,0,NULL,0
160,10,73,50,NULL,0
5453,0,5440,0,NULL,0
7716,20,3082,0,NULL,0
30,0,100,0,NULL,0
93,0,134,0,NULL,0
228,0,81,0,NULL,0
228,0,30,0,NULL,1
97,0,5469,0,NULL,0
140,0,310,0,NULL,0
100,0,254,0,NULL,0
8784,20,254,20,NULL,0
134,0,30,0,NULL,0
175,0,69,0,NULL,0
175,50,32,50,NULL,0
228,0,2141,0,NULL,0
310,0,30,0,NULL,0
194,0,69,0,NULL,0
194,0,152,0,NULL,0
5988,0,5993,0,"2012-05-31",0
26,0,351,0,NULL,0
5453,0,5440,0,NULL,0
97,0,5469,0,NULL,0
84,0,317,0,NULL,0
179,0,228,0,NULL,0
310,0,30,0,NULL,0
138,0,69,0,NULL,0
121,0,120,0,NULL,0
30,0,100,0,NULL,0
194,0,69,0,NULL,0
138,0,228,0,NULL,0
2172,0,NULL,0,NULL,NULL
NULL,0,NULL,0,NULL,0
121,0,134,0,NULL,0
228,0,2196,0,NULL,0
30,0,134,0,NULL,0
44,0,120,0,NULL,0
69,0,32,0,NULL,0
228,0,134,0,NULL,0
188,0,228,0,NULL,0
30,0,134,20,NULL,0
100,0,254,0,NULL,0
30,0,228,0,NULL,0
169,0,84,20,NULL,0
229,0,120,50,NULL,0
310,0,228,0,NULL,0
30,0,100,0,NULL,0
178,0,134,0,NULL,0
140,0,310,0,NULL,0
37,0,228,0,NULL,0
170,0,69,0,"2012-06-14",0
5440,0,5453,0,"2012-05-31",0
310,0,30,0,NULL,0
69,0,138,0,NULL,0
163,0,194,0,NULL,0
203,0,93,0,"2012-02-26",0
5440,0,5453,0,"2012-05-31",0
254,0,43,0,NULL,1
1,0,169,0,NULL,0
310,50,2156,50,NULL,1
30,0,138,0,NULL,0
30,0,134,0,NULL,0
5440,0,5453,0,"2012-05-31",0
175,0,8513,0,NULL,0
134,10,138,10,NULL,0
3112,0,134,0,NULL,0
1,0,169,0,NULL,0
134,0,69,0,"2012-05-31",0
134,0,93,0,NULL,0
212,0,30,0,NULL,0
134,0,93,0,NULL,0
228,0,134,0,NULL,0
228,0,30,0,NULL,0
134,10,138,10,NULL,0
170,0,69,0,"2012-06-14",0
246,0,292,0,NULL,0
30,0,228,0,NULL,0
228,0,30,0,NULL,1
30,0,138,0,NULL,0
138,0,351,0,NULL,0
140,20,254,20,NULL,0
169,0,228,0,NULL,0
53,0,228,0,"2012-06-17",0
7700,0,30,0,NULL,0
69,0,252,50,"2012-06-24",0
8462,50,286,50,NULL,0
5440,0,5453,0,"2012-05-31",0
194,0,69,0,NULL,0
81,0,178,0,NULL,0
43,0,140,0,"2012-06-28",1
163,0,194,0,NULL,0
134,10,138,10,NULL,0
30,0,138,0,NULL,0
139,50,245,50,NULL,0
5440,0,5453,0,NULL,0
37,0,228,0,NULL,0
30,0,134,0,NULL,0
261,0,194,0,NULL,0
97,50,246,50,NULL,0
69,0,22,0,NULL,0
228,0,30,0,NULL,1
134,0,69,0,"2012-05-31",0
97,50,5453,50,NULL,4
134,0,175,0,NULL,0
244,0,69,0,"2012-06-14",0
178,0,134,0,NULL,0
30,0,134,0,NULL,0
160,10,73,50,NULL,0
43,0,140,0,"2012-06-28",0
30,0,138,0,NULL,0
178,0,134,0,NULL,0
228,0,194,0,NULL,0
37,0,1,0,NULL,0
175,0,8513,0,NULL,0
1,0,169,0,NULL,0
228,0,100,0,NULL,0
140,0,310,0,NULL,0
69,0,22,0,NULL,0
2172,0,NULL,0,NULL,NULL
1,0,169,0,NULL,0
134,0,30,0,NULL,0
5988,0,5993,0,NULL,0
139,50,245,50,NULL,0
138,0,270,0,NULL,0
134,0,175,0,NULL,0
30,0,100,0,NULL,0
228,0,6696,0,NULL,1
20,30,69,20,NULL,1
30,0,138,0,NULL,0
228,0,100,0,NULL,0
228,0,100,0,NULL,0
140,20,254,20,NULL,0
1,0,169,0,NULL,0
179,0,97,0,NULL,0
81,0,30,0,NULL,0
134,10,138,10,NULL,0
194,0,30,0,NULL,0
69,0,252,50,"2012-06-24",0
228,0,2196,0,NULL,0
134,0,30,0,NULL,0
261,0,194,0,NULL,0
30,0,7061,0,NULL,0
134,0,37,0,"2012-06-15",0
274,40,30,20,NULL,0
30,0,251,0,NULL,0
254,0,43,0,NULL,0
37,0,228,0,NULL,0
2156,0,310,0,NULL,0
163,0,194,0,NULL,0
23,0,22,0,NULL,0
134,0,37,0,"2012-06-15",4
169,0,58,0,NULL,0
1,0,169,0,NULL,0
140,20,254,20,NULL,0
134,0,30,0,NULL,0
188,0,NULL,0,NULL,0
30,0,251,0,NULL,0
308,0,30,0,NULL,0
194,0,69,0,NULL,0
70,0,30,0,NULL,0
2171,0,NULL,0,NULL,NULL
310,0,268,0,NULL,0
274,40,30,20,NULL,0
194,0,261,0,NULL,0
228,0,100,0,NULL,0
160,10,73,50,NULL,0
97,0,120,0,NULL,0
163,0,134,0,NULL,0
30,0,97,0,NULL,0
134,0,228,0,NULL,0
97,50,246,50,NULL,0
194,0,69,0,NULL,0
228,0,7721,20,NULL,0
134,0,30,0,NULL,0
138,0,134,0,NULL,0
140,20,254,20,NULL,0
194,0,30,0,NULL,0
30,0,251,0,NULL,0
8462,40,286,50,NULL,0
139,50,245,50,NULL,0
169,50,2156,50,NULL,1
160,0,NULL,0,NULL,0
69,0,8511,0,NULL,0
310,0,103,0,NULL,0
70,0,30,0,NULL,0
37,0,228,0,NULL,0
1,0,169,0,NULL,0
140,20,254,20,NULL,0
308,0,30,0,NULL,0
310,0,268,0,NULL,0
81,0,178,0,NULL,0
30,0,228,0,NULL,0
8462,40,286,50,NULL,0
6036,0,73,0,NULL,0
179,0,97,0,NULL,0
134,0,175,0,NULL,0
1,0,169,0,NULL,0
138,0,270,0,NULL,0
1,0,73,0,NULL,0
274,40,30,20,NULL,0
81,0,178,0,NULL,0
169,50,181,50,NULL,0
228,0,2196,0,NULL,0
194,0,69,0,NULL,0
97,50,246,50,NULL,0
282,0,138,0,NULL,0
274,40,30,20,NULL,0
70,0,30,0,NULL,0
23,0,22,0,NULL,0
30,0,131,0,NULL,0
142,0,302,0,NULL,0
69,0,8511,0,NULL,0
30,0,228,0,NULL,0
99,0,194,0,NULL,0
139,40,245,30,NULL,0
30,0,228,0,"2012-06-12",0
30,0,97,0,NULL,0
97,20,254,20,NULL,0
2170,50,100,50,NULL,0
30,0,138,0,NULL,0
NULL,0,22451,0,NULL,NULL
194,0,69,0,NULL,0
282,0,97,0,NULL,0
97,20,254,20,NULL,1
308,0,30,0,NULL,0
160,0,NULL,0,NULL,0
194,0,69,0,NULL,0
30,0,212,20,NULL,0
37,0,228,0,NULL,0
140,0,310,0,NULL,0
1,0,73,0,NULL,0
274,40,30,20,NULL,0
30,0,251,0,NULL,0
169,50,2139,50,NULL,1
322,0,163,0,NULL,0
179,20,138,20,NULL,0
194,0,69,0,NULL,0
179,0,246,0,NULL,0
134,0,175,0,NULL,0
169,50,181,50,NULL,0
97,50,246,50,NULL,0
270,0,24,0,NULL,0
228,0,30,0,NULL,1
194,0,30,0,"2012-05-31",0
194,0,69,0,NULL,0
1,0,73,0,NULL,0
NULL,0,NULL,0,"2011-11-17",0
134,0,339,0,NULL,0
6036,0,282,0,NULL,0
7721,20,228,0,NULL,0
308,0,30,0,NULL,0
30,0,179,0,NULL,0
179,20,138,20,NULL,0
134,0,30,0,NULL,0
8462,40,286,50,NULL,0
97,50,246,50,NULL,0
194,0,30,0,"2012-05-31",0
6747,50,228,0,"2012-06-24",2
212,0,173,0,NULL,0
274,40,30,20,NULL,0
14,0,246,0,NULL,2
134,0,30,0,NULL,0
37,0,228,0,NULL,0
